,Eff Gas Day/Eff Time,TSP Name,CycleDesc,Loc Purp Desc,Loc,Loc Name,Loc Zn,Loc (Segment),Design Capacity,Operating Capacity,Total Scheduled Quantity,Operationally Available Capacity,IT,Flow Ind,All Qty Avail,Qty Reason,TimeStamp
0,4/2/2025 10:00 PM CCT,NATURAL GAS PIPELINE CO.,INTRADAY 3,Delivery Location,17,NICORGAS/NGPL FRANKLIN GROVE LEE   ,6.0,29.0,"6,959","6,959",0,0,N,D,Y,,2025-04-26 10:40:07
1,4/2/2025 10:00 PM CCT,NATURAL GAS PIPELINE CO.,INTRADAY 3,Delivery Location,20,NICORGAS/NGPL HARMON LEE           ,6.0,29.0,"1,218","1,218",0,0,N,D,Y,,2025-04-26 10:40:07
2,4/2/2025 10:00 PM CCT,NATURAL GAS PIPELINE CO.,INTRADAY 3,Delivery Location,27,NICORGAS/NGPL NORWAY LA SALLE      ,6.0,14.0,"7,600","7,600",0,0,N,D,Y,,2025-04-26 10:40:07
3,4/2/2025 10:00 PM CCT,NATURAL GAS PIPELINE CO.,INTRADAY 3,Delivery Location,34,AMER IL/NGPL HENNEPIN BUREAU       ,6.0,14.0,"70,798","70,798",0,0,N,D,Y,,2025-04-26 10:40:07
4,4/2/2025 10:00 PM CCT,NATURAL GAS PIPELINE CO.,INTRADAY 3,Delivery Location,55,MIDAMER/NGPL ILL CITY ROCK ISLAND  ,6.0,14.0,433,433,0,0,N,D,Y,,2025-04-26 10:40:07
5,4/2/2025 10:00 PM CCT,NATURAL GAS PIPELINE CO.,INTRADAY 3,Delivery Location,56,NICORGAS/NGPL RO                   ,6.0,14.0,"76,600","76,600",0,0,N,D,Y,,2025-04-26 10:40:07
6,4/2/2025 10:00 PM CCT,NATURAL GAS PIPELINE CO.,INTRADAY 3,Delivery Location,58,MIDAMER/NGPL W LIBERTY MUSCATINE   ,6.0,14.0,"19,109","19,109",0,0,N,D,Y,,2025-04-26 10:40:07
7,4/2/2025 10:00 PM CCT,NATURAL GAS PIPELINE CO.,INTRADAY 3,Delivery Location,66,MIDAMER/NGPL CEDR RAP#2 WASHINGTON ,6.0,14.0,"186,844","186,844",0,0,N,D,Y,,2025-04-26 10:40:07
8,4/2/2025 10:00 PM CCT,NATURAL GAS PIPELINE CO.,INTRADAY 3,Delivery Location,68,IPLC/NGPL WASHINGTON WASHINGTON    ,6.0,14.0,"16,826","16,826",0,0,N,D,Y,,2025-04-26 10:40:07
9,4/2/2025 10:00 PM CCT,NATURAL GAS PIPELINE CO.,INTRADAY 3,Delivery Location,113,MIDAMER/NGPL MALVERN MILLS         ,6.0,13.0,"1,663","1,663",0,0,N,D,Y,,2025-04-26 10:40:07
10,4/2/2025 10:00 PM CCT,NATURAL GAS PIPELINE CO.,INTRADAY 3,Delivery Location,115,MIDAMER/NGPL PACIFIC JCT MILLS     ,6.0,12.0,"1,168","1,168",0,0,N,D,Y,,2025-04-26 10:40:07
11,4/2/2025 10:00 PM CCT,NATURAL GAS PIPELINE CO.,INTRADAY 3,Delivery Location,118,NEB CITY/NGPL OT                   ,6.0,12.0,"18,514","18,514",0,0,N,D,Y,,2025-04-26 10:40:07
12,4/2/2025 10:00 PM CCT,NATURAL GAS PIPELINE CO.,INTRADAY 3,Delivery Location,148,AMER IL/NGPL DELAND PIATT          ,6.0,28.0,"38,830","38,830",0,0,N,D,Y,,2025-04-26 10:40:07
13,4/2/2025 10:00 PM CCT,NATURAL GAS PIPELINE CO.,INTRADAY 3,Delivery Location,154,BETHANY/NGPL MOU                   ,6.0,28.0,"1,540","1,540",80,"1,460",N,D,Y,,2025-04-26 10:40:07
14,4/2/2025 10:00 PM CCT,NATURAL GAS PIPELINE CO.,INTRADAY 3,Delivery Location,157,AMER IL/NGPL WINDSOR SHELBY        ,6.0,28.0,"5,770","5,770",0,0,N,D,Y,,2025-04-26 10:40:07
15,4/2/2025 10:00 PM CCT,NATURAL GAS PIPELINE CO.,INTRADAY 3,Delivery Location,167,SALEM/NGPL CLINT                   ,6.0,28.0,"13,530","13,530",734,"12,796",N,D,Y,,2025-04-26 10:40:07
16,4/2/2025 10:00 PM CCT,NATURAL GAS PIPELINE CO.,INTRADAY 3,Delivery Location,1790,OXY/NGPL FUEL GAS #2 EDDY          ,1.0,7.0,"9,285","9,285",0,"9,285",N,D,Y,,2025-04-26 10:40:07
17,4/2/2025 10:00 PM CCT,NATURAL GAS PIPELINE CO.,INTRADAY 3,Delivery Location,1791,DCP OPER/NGPL FUEL GAS EDDY        ,1.0,7.0,"9,255","9,255",0,"9,255",N,D,Y,,2025-04-26 10:40:07
18,4/2/2025 10:00 PM CCT,NATURAL GAS PIPELINE CO.,INTRADAY 3,Delivery Location,2927,KMTEJAS/NGPL MON                   ,4.0,22.0,"316,157","316,157",0,"316,157",N,BD,Y,,2025-04-26 10:40:07
19,4/2/2025 10:00 PM CCT,NATURAL GAS PIPELINE CO.,INTRADAY 3,Delivery Location,2965,NICORGAS/NGPL FARMER CITY PIATT    ,6.0,28.0,"78,190","78,190",0,0,N,D,Y,,2025-04-26 10:40:07
20,4/2/2025 10:00 PM CCT,NATURAL GAS PIPELINE CO.,INTRADAY 3,Delivery Location,3063,KGS/NGPL FORD                      ,2.0,11.0,"117,562","117,562",0,"117,562",N,BD,Y,,2025-04-26 10:40:07
21,4/2/2025 10:00 PM CCT,NATURAL GAS PIPELINE CO.,INTRADAY 3,Delivery Location,3083,EPNG/NGPL JAL LEA                  ,1.0,9.0,"335,962","170,000",0,"170,000",N,D,Y,,2025-04-26 10:40:07
22,4/2/2025 10:00 PM CCT,NATURAL GAS PIPELINE CO.,INTRADAY 3,Delivery Location,3352,ETP/NGPL BECKVILLE PANOLA          ,3.0,26.0,"300,000","300,000",0,"300,000",N,BD,Y,,2025-04-26 10:40:07
23,4/2/2025 10:00 PM CCT,NATURAL GAS PIPELINE CO.,INTRADAY 3,Delivery Location,3592,SABPL/NGPL HENRY HUB VERMILION     ,5.0,24.0,"500,000","500,000","193,578","306,422",N,BD,Y,,2025-04-26 10:40:07
24,4/2/2025 10:00 PM CCT,NATURAL GAS PIPELINE CO.,INTRADAY 3,Delivery Location,3618,FGT/NGPL JEFFERS                   ,3.0,25.0,"51,000","51,000","21,889","29,111",N,D,Y,,2025-04-26 10:40:07
25,4/2/2025 10:00 PM CCT,NATURAL GAS PIPELINE CO.,INTRADAY 3,Delivery Location,3644,KMTEJAS/NGPL BECKVILLE PANOLA      ,3.0,26.0,"52,169","52,169",0,"52,169",N,BD,Y,,2025-04-26 10:40:07
26,4/2/2025 10:00 PM CCT,NATURAL GAS PIPELINE CO.,INTRADAY 3,Delivery Location,3697,IPC/NGPL PINE BLUFF SALINE         ,6.0,27.0,"90,426","90,426",0,"90,426",N,D,Y,,2025-04-26 10:40:07
27,4/2/2025 10:00 PM CCT,NATURAL GAS PIPELINE CO.,INTRADAY 3,Delivery Location,3734,WISC ELE/NGPL LA                   ,6.0,39.0,"184,370","184,370",0,"184,370",N,D,Y,,2025-04-26 10:40:07
28,4/2/2025 10:00 PM CCT,NATURAL GAS PIPELINE CO.,INTRADAY 3,Delivery Location,3817,MB HUB/NGPL MOSS  BLUFF LIBERTY    ,3.0,25.0,"470,475","470,475","188,805","281,670",N,BD,Y,,2025-04-26 10:40:07
29,4/2/2025 10:00 PM CCT,NATURAL GAS PIPELINE CO.,INTRADAY 3,Delivery Location,3857,PGLC/NGPL MANLOVE PIATT            ,6.0,28.0,"463,360","463,360",0,0,N,D,Y,,2025-04-26 10:40:07
30,4/2/2025 10:00 PM CCT,NATURAL GAS PIPELINE CO.,INTRADAY 3,Delivery Location,3886,BANHUB/NGPL BANQUETE   HUB    BI-DI,4.0,20.0,"200,000","200,000",0,"200,000",N,BD,Y,,2025-04-26 10:40:07
31,4/2/2025 10:00 PM CCT,NATURAL GAS PIPELINE CO.,INTRADAY 3,Delivery Location,3950,MIDAMER/NGPL DES MOINES WARREN     ,6.0,13.0,"125,000","125,000",0,0,N,D,Y,,2025-04-26 10:40:07
32,4/2/2025 10:00 PM CCT,NATURAL GAS PIPELINE CO.,INTRADAY 3,Delivery Location,3952,VALMSC/NGPL CART                   ,3.0,15.0,"40,000","40,000","11,904","28,096",N,D,Y,,2025-04-26 10:40:07
33,4/2/2025 10:00 PM CCT,NATURAL GAS PIPELINE CO.,INTRADAY 3,Delivery Location,4100,NICORGAS/NGPL STREAMWOOD COOK      ,6.0,30.0,"86,726","86,726",0,0,N,D,Y,,2025-04-26 10:40:07
34,4/2/2025 10:00 PM CCT,NATURAL GAS PIPELINE CO.,INTRADAY 3,Delivery Location,4101,NICORGAS/NGPL HAMMES AVE WILL      ,6.0,31.0,"43,060","43,060",0,0,N,D,Y,,2025-04-26 10:40:07
35,4/2/2025 10:00 PM CCT,NATURAL GAS PIPELINE CO.,INTRADAY 3,Delivery Location,4102,NICORGAS/NGPL MOUND ROAD WILL      ,6.0,32.0,"48,100","48,100",0,0,N,D,Y,,2025-04-26 10:40:07
36,4/2/2025 10:00 PM CCT,NATURAL GAS PIPELINE CO.,INTRADAY 3,Delivery Location,4103,NICORGAS/NGPL CICERO AVE COOK      ,6.0,31.0,"55,180","55,180",0,0,N,D,Y,,2025-04-26 10:40:07
37,4/2/2025 10:00 PM CCT,NATURAL GAS PIPELINE CO.,INTRADAY 3,Delivery Location,4109,NICORGAS/NGPL WEBER ROAD WILL      ,6.0,31.0,"229,081","229,081",0,0,N,D,Y,,2025-04-26 10:40:07
38,4/2/2025 10:00 PM CCT,NATURAL GAS PIPELINE CO.,INTRADAY 3,Delivery Location,4111,NICORGAS/NGPL GOUGAR ROAD WILL     ,6.0,32.0,"52,360","52,360",0,0,N,D,Y,,2025-04-26 10:40:07
39,4/2/2025 10:00 PM CCT,NATURAL GAS PIPELINE CO.,INTRADAY 3,Delivery Location,4115,NICORGAS/NGPL CENTRAL AVE COOK     ,6.0,33.0,"216,760","216,760",0,0,N,D,Y,,2025-04-26 10:40:07
40,4/2/2025 10:00 PM CCT,NATURAL GAS PIPELINE CO.,INTRADAY 3,Delivery Location,4124,NICORGAS/NGPL WEST CHICAGO DU PAGE ,6.0,30.0,"237,119","237,119",0,0,N,D,Y,,2025-04-26 10:40:07
41,4/2/2025 10:00 PM CCT,NATURAL GAS PIPELINE CO.,INTRADAY 3,Delivery Location,4130,NICORGAS/NGPL CHICAGO HEIGHTS COOK ,6.0,32.0,"83,340","83,340",0,0,N,D,Y,,2025-04-26 10:40:07
42,4/2/2025 10:00 PM CCT,NATURAL GAS PIPELINE CO.,INTRADAY 3,Delivery Location,4131,NICORGAS/NGPL PARK RIDGE COOK      ,6.0,30.0,"545,963","545,963",0,0,N,D,Y,,2025-04-26 10:40:07
43,4/2/2025 10:00 PM CCT,NATURAL GAS PIPELINE CO.,INTRADAY 3,Delivery Location,4132,NICORGAS/NGPL LAWNDALE AVE COOK    ,6.0,31.0,"170,360","170,360",0,0,N,D,Y,,2025-04-26 10:40:07
44,4/2/2025 10:00 PM CCT,NATURAL GAS PIPELINE CO.,INTRADAY 3,Delivery Location,4134,NICORGAS/NGPL CALDWELL AVE COOK    ,6.0,30.0,"241,383","241,383",0,0,N,D,Y,,2025-04-26 10:40:07
45,4/2/2025 10:00 PM CCT,NATURAL GAS PIPELINE CO.,INTRADAY 3,Delivery Location,4142,NICORGAS/NGPL SKOKIE RD COOK       ,6.0,30.0,"546,750","546,750",0,0,N,D,Y,,2025-04-26 10:40:07
46,4/2/2025 10:00 PM CCT,NATURAL GAS PIPELINE CO.,INTRADAY 3,Delivery Location,4143,NICORGAS/NGPL RIVERDALE COOK       ,6.0,32.0,"55,400","55,400",0,0,N,D,Y,,2025-04-26 10:40:07
47,4/2/2025 10:00 PM CCT,NATURAL GAS PIPELINE CO.,INTRADAY 3,Delivery Location,4151,PGLC/NGPL ORAM RD EMERG INTER WILL ,6.0,33.0,"128,750","128,750",0,0,N,D,Y,,2025-04-26 10:40:07
48,4/2/2025 10:00 PM CCT,NATURAL GAS PIPELINE CO.,INTRADAY 3,Delivery Location,4153,PGLC/NGPL 138TH ST COOK            ,6.0,32.0,"22,050","22,050",0,0,N,D,Y,,2025-04-26 10:40:07
49,4/2/2025 10:00 PM CCT,NATURAL GAS PIPELINE CO.,INTRADAY 3,Delivery Location,4156,PGLC/NGPL O'HARE #1 COOK           ,6.0,30.0,"86,641","86,641",0,0,N,D,Y,,2025-04-26 10:40:07
50,4/2/2025 10:00 PM CCT,NATURAL GAS PIPELINE CO.,INTRADAY 3,Delivery Location,4166,PGLC/NGPL O'HARE #2 COOK           ,6.0,30.0,"86,384","86,384",0,0,N,D,Y,,2025-04-26 10:40:07
51,4/2/2025 10:00 PM CCT,NATURAL GAS PIPELINE CO.,INTRADAY 3,Delivery Location,4186,NIPSCO/NGPL HEGEWISCH COOK         ,6.0,32.0,"72,000","72,000",0,0,N,D,Y,,2025-04-26 10:40:07
52,4/2/2025 10:00 PM CCT,NATURAL GAS PIPELINE CO.,INTRADAY 3,Delivery Location,4187,NIPSCO/NGPL LANSING COOK           ,6.0,33.0,"649,000","649,000",0,0,N,D,Y,,2025-04-26 10:40:07
53,4/2/2025 10:00 PM CCT,NATURAL GAS PIPELINE CO.,INTRADAY 3,Delivery Location,4189,NIPSCO/NGPL 134TH ST COOK          ,6.0,32.0,"71,750","71,750",0,0,N,D,Y,,2025-04-26 10:40:07
54,4/2/2025 10:00 PM CCT,NATURAL GAS PIPELINE CO.,INTRADAY 3,Delivery Location,4219,NICORGAS/NGPL COM ED #9 WILL       ,6.0,32.0,"20,100","20,100",0,0,N,D,Y,,2025-04-26 10:40:07
55,4/2/2025 10:00 PM CCT,NATURAL GAS PIPELINE CO.,INTRADAY 3,Delivery Location,4226,NICORGAS/NGPL METRO SAN DIST COOK  ,6.0,31.0,640,640,0,0,N,D,Y,,2025-04-26 10:40:07
56,4/2/2025 10:00 PM CCT,NATURAL GAS PIPELINE CO.,INTRADAY 3,Delivery Location,4818,WILDORAD/NGPL RA                   ,1.0,8.0,"3,580","3,580",0,"3,580",N,D,Y,,2025-04-26 10:40:07
57,4/2/2025 10:00 PM CCT,NATURAL GAS PIPELINE CO.,INTRADAY 3,Delivery Location,4879,AMER IL/NGPL MATTOON DOUGLAS       ,6.0,28.0,"32,400","32,400",0,0,N,D,Y,,2025-04-26 10:40:07
58,4/2/2025 10:00 PM CCT,NATURAL GAS PIPELINE CO.,INTRADAY 3,Delivery Location,5003,OASIS/NGPL WARD                    ,1.0,9.0,"100,000","100,000",0,"100,000",N,D,Y,,2025-04-26 10:40:07
59,4/2/2025 10:00 PM CCT,NATURAL GAS PIPELINE CO.,INTRADAY 3,Delivery Location,5381,PHILLIPS/NGPL HERRING HUTCHINSON   ,2.0,6.0,"5,721","5,721",0,"5,721",N,D,Y,,2025-04-26 10:40:07
60,4/2/2025 10:00 PM CCT,NATURAL GAS PIPELINE CO.,INTRADAY 3,Delivery Location,5382,WTG/NGPL HUTCHIN                   ,2.0,6.0,648,648,100,548,N,D,Y,,2025-04-26 10:40:07
61,4/2/2025 10:00 PM CCT,NATURAL GAS PIPELINE CO.,INTRADAY 3,Delivery Location,5418,SSC GPL/NGPL FOR                   ,2.0,11.0,"180,000","180,000","1,975","178,025",N,BD,Y,,2025-04-26 10:40:07
62,4/2/2025 10:00 PM CCT,NATURAL GAS PIPELINE CO.,INTRADAY 3,Delivery Location,5579,KMTP/NGPL GOODRICH POLK            ,3.0,26.0,"262,000","262,000","248,992","13,008",Y,BD,Y,,2025-04-26 10:40:07
63,4/2/2025 10:00 PM CCT,NATURAL GAS PIPELINE CO.,INTRADAY 3,Delivery Location,5593,BHSC/NGPL LINCOLN OTOE             ,6.0,12.0,"144,000","144,000",0,0,N,D,Y,,2025-04-26 10:40:07
64,4/2/2025 10:00 PM CCT,NATURAL GAS PIPELINE CO.,INTRADAY 3,Delivery Location,6100,ANR/NGPL SOUTH WOODSTOCK MC HENRY  ,6.0,37.0,"174,931",1,0,1,N,BD,Y,,2025-04-26 10:40:07
65,4/2/2025 10:00 PM CCT,NATURAL GAS PIPELINE CO.,INTRADAY 3,Delivery Location,6216,KMTP/NGPL HAGIST RANCH DUVAL       ,4.0,21.0,"190,969",1,0,1,N,BD,Y,,2025-04-26 10:40:07
66,4/2/2025 10:00 PM CCT,NATURAL GAS PIPELINE CO.,INTRADAY 3,Delivery Location,6231,KMTEJAS/NGPL EDNA JACKSON          ,4.0,22.0,"784,001","784,001",0,"784,001",N,D,Y,,2025-04-26 10:40:07
67,4/2/2025 10:00 PM CCT,NATURAL GAS PIPELINE CO.,INTRADAY 3,Delivery Location,6295,CNTRPT/NGPL WESTON LAKES FORT BEND ,4.0,22.0,"3,600","3,600",99,"3,501",N,D,Y,,2025-04-26 10:40:07
68,4/2/2025 10:00 PM CCT,NATURAL GAS PIPELINE CO.,INTRADAY 3,Delivery Location,7866,NO SHORE/NGPL TONNE RD COOK        ,6.0,30.0,"198,920","198,920",0,0,N,D,Y,,2025-04-26 10:40:07
69,4/2/2025 10:00 PM CCT,NATURAL GAS PIPELINE CO.,INTRADAY 3,Delivery Location,7869,PGLC/NGPL STEEL MET COOK           ,6.0,33.0,240,240,0,0,N,D,Y,,2025-04-26 10:40:07
70,4/2/2025 10:00 PM CCT,NATURAL GAS PIPELINE CO.,INTRADAY 3,Delivery Location,7936,FGT/NGPL VERMILI                   ,5.0,24.0,"313,137","150,000","18,197","131,803",N,D,Y,,2025-04-26 10:40:07
71,4/2/2025 10:00 PM CCT,NATURAL GAS PIPELINE CO.,INTRADAY 3,Delivery Location,8021,GPC/NGPL MUSCATI                   ,6.0,14.0,"38,609","38,609","25,500","13,109",N,D,Y,,2025-04-26 10:40:07
72,4/2/2025 10:00 PM CCT,NATURAL GAS PIPELINE CO.,INTRADAY 3,Delivery Location,9252,NEB CITY/NGPL CDP                  ,6.0,12.0,0,"17,390","1,950","15,440",Y,D,Y,,2025-04-26 10:40:07
73,4/2/2025 10:00 PM CCT,NATURAL GAS PIPELINE CO.,INTRADAY 3,Delivery Location,9254,NO SHORE/NGPL CDP                  ,6.0,30.0,0,"284,222","66,068","218,154",N,D,Y,,2025-04-26 10:40:07
74,4/2/2025 10:00 PM CCT,NATURAL GAS PIPELINE CO.,INTRADAY 3,Delivery Location,9258,NICORGAS/NGPL CDP                  ,6.0,28.0,0,"2,763,444","415,389","2,348,055",N,D,Y,,2025-04-26 10:40:07
75,4/2/2025 10:00 PM CCT,NATURAL GAS PIPELINE CO.,INTRADAY 3,Delivery Location,10568,MIDAMER/NGPL CDP                   ,6.0,13.0,0,"439,224","174,957","264,267",N,D,Y,,2025-04-26 10:40:07
76,4/2/2025 10:00 PM CCT,NATURAL GAS PIPELINE CO.,INTRADAY 3,Delivery Location,10571,"NGPL/NGPL MANLOVE, PGLC COOK       ",6.0,30.0,0,0,0,0,N,BD,Y,,2025-04-26 10:40:07
77,4/2/2025 10:00 PM CCT,NATURAL GAS PIPELINE CO.,INTRADAY 3,Delivery Location,10599,PGLC/NGPL MARBLEHEAD DMSTC FL COOK ,6.0,32.0,30,30,0,0,N,D,Y,,2025-04-26 10:40:07
78,4/2/2025 10:00 PM CCT,NATURAL GAS PIPELINE CO.,INTRADAY 3,Delivery Location,10603,SUMUTI/NGPL #1 LONOKE              ,6.0,27.0,"3,043","3,043",343,"2,700",N,D,Y,,2025-04-26 10:40:07
79,4/2/2025 10:00 PM CCT,NATURAL GAS PIPELINE CO.,INTRADAY 3,Delivery Location,10653,CENTANA/NGPL #3 JEFFERSON          ,3.0,25.0,"98,734","98,734",0,"98,734",N,BD,Y,,2025-04-26 10:40:07
80,4/2/2025 10:00 PM CCT,NATURAL GAS PIPELINE CO.,INTRADAY 3,Delivery Location,10654,NICORGAS/NGPL NALCO DU PAGE        ,6.0,30.0,"10,703","10,703",0,0,N,D,Y,,2025-04-26 10:40:07
81,4/2/2025 10:00 PM CCT,NATURAL GAS PIPELINE CO.,INTRADAY 3,Delivery Location,10701,ACME/NGPL HOT SP                   ,6.0,27.0,"13,176","13,176",0,"13,176",N,D,Y,,2025-04-26 10:40:07
82,4/2/2025 10:00 PM CCT,NATURAL GAS PIPELINE CO.,INTRADAY 3,Delivery Location,10704,MCLEOD/NGPL IRRIGATION HUTCHINSON  ,2.0,6.0,"1,582","1,582",59,"1,523",Y,D,Y,,2025-04-26 10:40:07
83,4/2/2025 10:00 PM CCT,NATURAL GAS PIPELINE CO.,INTRADAY 3,Delivery Location,10751,CROSROAD/NGPL LA                   ,6.0,36.0,"144,497","144,497","11,838","132,659",N,D,Y,,2025-04-26 10:40:07
84,4/2/2025 10:00 PM CCT,NATURAL GAS PIPELINE CO.,INTRADAY 3,Delivery Location,10769,ATMOS-TX/NGPL LA                   ,3.0,17.0,"72,232","72,232",0,"72,232",N,D,Y,,2025-04-26 10:40:07
85,4/2/2025 10:00 PM CCT,NATURAL GAS PIPELINE CO.,INTRADAY 3,Delivery Location,10863,KMTEJAS/NGPL HAR                   ,3.0,26.0,"52,109","52,109",0,"52,109",N,BD,Y,,2025-04-26 10:40:07
86,4/2/2025 10:00 PM CCT,NATURAL GAS PIPELINE CO.,INTRADAY 3,Delivery Location,11054,INT PWER/NGPL CLINTON HENRY        ,6.0,29.0,"135,960","135,960",0,0,N,D,Y,,2025-04-26 10:40:07
87,4/2/2025 10:00 PM CCT,NATURAL GAS PIPELINE CO.,INTRADAY 3,Delivery Location,11087,MONTEZUM/NGPL CDP                  ,6.0,13.0,0,"32,804",200,"32,604",N,D,Y,,2025-04-26 10:40:07
88,4/2/2025 10:00 PM CCT,NATURAL GAS PIPELINE CO.,INTRADAY 3,Delivery Location,11097,NICORGAS/NGPL DEL TROY GROVE LA SAL,6.0,14.0,"440,000","440,000",0,0,N,D,Y,,2025-04-26 10:40:07
89,4/2/2025 10:00 PM CCT,NATURAL GAS PIPELINE CO.,INTRADAY 3,Delivery Location,11186,GATEWAY/NGPL TYSON MILLER          ,6.0,27.0,"8,523","8,523","2,355","6,168",N,D,Y,,2025-04-26 10:40:07
90,4/2/2025 10:00 PM CCT,NATURAL GAS PIPELINE CO.,INTRADAY 3,Delivery Location,11272,LD OLAKE/NGPL DEKALB SWINE BEAVER  ,2.0,10.0,"1,300","1,300",25,"1,275",N,D,Y,,2025-04-26 10:40:07
91,4/2/2025 10:00 PM CCT,NATURAL GAS PIPELINE CO.,INTRADAY 3,Delivery Location,11295,COL GULF/NGPL CHALKLEY CAMERON     ,5.0,23.0,"190,000","190,000",0,"190,000",N,D,Y,,2025-04-26 10:40:07
92,4/2/2025 10:00 PM CCT,NATURAL GAS PIPELINE CO.,INTRADAY 3,Delivery Location,11303,SUMUTI/NGPL #2 LONOKE              ,6.0,27.0,"2,000","2,000",196,"1,804",N,D,Y,,2025-04-26 10:40:07
93,4/2/2025 10:00 PM CCT,NATURAL GAS PIPELINE CO.,INTRADAY 3,Delivery Location,11373,PGLC/NGPL ACCTG                    ,6.0,30.0,0,0,0,0,N,D,Y,,2025-04-26 10:40:07
94,4/2/2025 10:00 PM CCT,NATURAL GAS PIPELINE CO.,INTRADAY 3,Delivery Location,11433,ATMOSEN/NGPL MULESHOE BAILEY       ,1.0,8.0,"36,764","36,764",0,"36,764",N,D,Y,,2025-04-26 10:40:07
95,4/2/2025 10:00 PM CCT,NATURAL GAS PIPELINE CO.,INTRADAY 3,Delivery Location,11435,P&G/NGPL CAPE GI                   ,6.0,27.0,"48,510","48,510","3,800","44,710",N,D,Y,,2025-04-26 10:40:07
96,4/2/2025 10:00 PM CCT,NATURAL GAS PIPELINE CO.,INTRADAY 3,Delivery Location,11442,ONEOKWES/NGPL PO                   ,1.0,8.0,"102,470","102,470",0,"102,470",N,D,Y,,2025-04-26 10:40:07
97,4/2/2025 10:00 PM CCT,NATURAL GAS PIPELINE CO.,INTRADAY 3,Delivery Location,24004,U OF I/NGPL PIAT                   ,6.0,28.0,"73,940","73,940","11,000","62,940",N,D,Y,,2025-04-26 10:40:07
98,4/2/2025 10:00 PM CCT,NATURAL GAS PIPELINE CO.,INTRADAY 3,Delivery Location,25016,OXY/NGPL FUEL GAS #1 EDDY          ,1.0,7.0,"9,219","9,219",0,"9,219",N,D,Y,,2025-04-26 10:40:07
99,4/2/2025 10:00 PM CCT,NATURAL GAS PIPELINE CO.,INTRADAY 3,Delivery Location,25026,ATMOSEN/NGPL DEA                   ,1.0,8.0,"34,713","34,713",0,"34,713",N,D,Y,,2025-04-26 10:40:07
100,4/2/2025 10:00 PM CCT,NATURAL GAS PIPELINE CO.,INTRADAY 3,Delivery Location,25104,MAPL/NGPL OCHILT                   ,2.0,10.0,"3,275","3,275",100,"3,175",N,D,Y,,2025-04-26 10:40:07
101,4/2/2025 10:00 PM CCT,NATURAL GAS PIPELINE CO.,INTRADAY 3,Delivery Location,25165,AMER IL/NGPL HILLSBORO MOULTRIE    ,6.0,28.0,"101,396","101,396",0,0,N,D,Y,,2025-04-26 10:40:07
102,4/2/2025 10:00 PM CCT,NATURAL GAS PIPELINE CO.,INTRADAY 3,Delivery Location,25250,IPLC/NGPL CDP                      ,6.0,13.0,0,"81,948","26,071","55,877",N,D,Y,,2025-04-26 10:40:07
103,4/2/2025 10:00 PM CCT,NATURAL GAS PIPELINE CO.,INTRADAY 3,Delivery Location,25400,MIDWSTRN/NGPL HERSCHER KANKAKEE    ,6.0,34.0,"303,000","303,000","50,000","253,000",N,D,Y,,2025-04-26 10:40:07
104,4/2/2025 10:00 PM CCT,NATURAL GAS PIPELINE CO.,INTRADAY 3,Delivery Location,25717,NORBORD/NGPL MAR                   ,3.0,26.0,"11,000","11,000",953,"10,047",Y,D,Y,,2025-04-26 10:40:07
105,4/2/2025 10:00 PM CCT,NATURAL GAS PIPELINE CO.,INTRADAY 3,Delivery Location,25731,JEFFSTOR/NGPL VE                   ,5.0,24.0,"295,830","295,830","14,897","280,933",N,BD,Y,,2025-04-26 10:40:07
106,4/2/2025 10:00 PM CCT,NATURAL GAS PIPELINE CO.,INTRADAY 3,Delivery Location,25751,3M/NGPL PULASKI                    ,6.0,27.0,"8,100","8,100","2,100","6,000",N,D,Y,,2025-04-26 10:40:07
107,4/2/2025 10:00 PM CCT,NATURAL GAS PIPELINE CO.,INTRADAY 3,Delivery Location,36129,ONG/NGPL MADILL #1 MARSHALL        ,3.0,15.0,"8,308","8,308","2,124","6,184",N,D,Y,,2025-04-26 10:40:07
108,4/2/2025 10:00 PM CCT,NATURAL GAS PIPELINE CO.,INTRADAY 3,Delivery Location,36778,GIBSCTY/NGPL UEDC GIBSON CITY PLANT,6.0,28.0,"107,156","107,156",0,"107,156",N,D,Y,,2025-04-26 10:40:07
109,4/2/2025 10:00 PM CCT,NATURAL GAS PIPELINE CO.,INTRADAY 3,Delivery Location,36779,AMUE/NGPL KINMUNDY PLANT FAYETTE   ,6.0,28.0,"75,577","75,577",0,0,N,D,Y,,2025-04-26 10:40:07
110,4/2/2025 10:00 PM CCT,NATURAL GAS PIPELINE CO.,INTRADAY 3,Delivery Location,36879,MAINLINE/NGPL GRAND TOWER JACKSON  ,6.0,28.0,"200,000","200,000",0,"200,000",N,D,Y,,2025-04-26 10:40:07
111,4/2/2025 10:00 PM CCT,NATURAL GAS PIPELINE CO.,INTRADAY 3,Delivery Location,36880,AMUE/NGPL PICKNEYVILLE PERRY       ,6.0,28.0,"100,000","100,000",0,0,N,D,Y,,2025-04-26 10:40:07
112,4/2/2025 10:00 PM CCT,NATURAL GAS PIPELINE CO.,INTRADAY 3,Delivery Location,37026,AECC/NGPL WRIGHTSVILLE PLT PULASKI ,6.0,27.0,"154,500","154,500",0,0,N,D,Y,,2025-04-26 10:40:07
113,4/2/2025 10:00 PM CCT,NATURAL GAS PIPELINE CO.,INTRADAY 3,Delivery Location,37036,SWECI/NGPL PEAKER POWER  PLANT FAYE,6.0,28.0,"16,278","16,278",0,"16,278",N,D,Y,,2025-04-26 10:40:07
114,4/2/2025 10:00 PM CCT,NATURAL GAS PIPELINE CO.,INTRADAY 3,Delivery Location,37281,PGLC/NGPL MANLOVE CHAMPAIGN        ,6.0,28.0,"150,000","450,000",0,"450,000",N,BD,Y,,2025-04-26 10:40:07
115,4/2/2025 10:00 PM CCT,NATURAL GAS PIPELINE CO.,INTRADAY 3,Delivery Location,37329,LEE CTY/NGPL POWER PLANT LEE       ,6.0,29.0,"206,000","206,000",8,"205,992",N,D,Y,,2025-04-26 10:40:07
116,4/2/2025 10:00 PM CCT,NATURAL GAS PIPELINE CO.,INTRADAY 3,Delivery Location,37371,PGLC/NGPL C/S MANLOVE PIATT        ,6.0,28.0,0,0,0,0,N,D,Y,,2025-04-26 10:40:07
117,4/2/2025 10:00 PM CCT,NATURAL GAS PIPELINE CO.,INTRADAY 3,Delivery Location,37435,AURORA/NGPL LSP DU PAGE            ,6.0,40.0,"427,718","427,718",0,"427,718",N,D,Y,,2025-04-26 10:40:07
118,4/2/2025 10:00 PM CCT,NATURAL GAS PIPELINE CO.,INTRADAY 3,Delivery Location,37585,AECC/NGPL FULTON POWER PLANT HEMPST,6.0,27.0,"185,000","185,000",0,0,N,D,Y,,2025-04-26 10:40:07
119,4/2/2025 10:00 PM CCT,NATURAL GAS PIPELINE CO.,INTRADAY 3,Delivery Location,39529,INVENERG/NGPL NELSON ENERGY CENTER ,6.0,29.0,"206,800","206,800",0,"206,800",N,D,Y,,2025-04-26 10:40:07
120,4/2/2025 10:00 PM CCT,NATURAL GAS PIPELINE CO.,INTRADAY 3,Delivery Location,39548,CIPCO/NGPL CENTRAL IOWA POWER CO-OP,6.0,13.0,"45,912","45,912","1,060","44,852",Y,D,Y,,2025-04-26 10:40:07
121,4/2/2025 10:00 PM CCT,NATURAL GAS PIPELINE CO.,INTRADAY 3,Delivery Location,39755,HORIZON/NGPL NORTH MC HENRY        ,6.0,37.0,"200,000","200,000",0,"200,000",N,BD,Y,,2025-04-26 10:40:07
122,4/2/2025 10:00 PM CCT,NATURAL GAS PIPELINE CO.,INTRADAY 3,Delivery Location,39763,ONG/NGPL ARDMORE CARTER            ,3.0,15.0,"12,000","12,000",425,"11,575",N,D,Y,,2025-04-26 10:40:07
123,4/2/2025 10:00 PM CCT,NATURAL GAS PIPELINE CO.,INTRADAY 3,Delivery Location,39772,KMNTP/NGPL DELIVERY LAMAR          ,3.0,17.0,"500,000","500,000","252,941","247,059",N,D,Y,,2025-04-26 10:40:07
124,4/2/2025 10:00 PM CCT,NATURAL GAS PIPELINE CO.,INTRADAY 3,Delivery Location,39845,HOLLAND/NGPL HOLLAND ENERGY PLANT S,6.0,28.0,"207,086","207,086",0,"207,086",N,D,Y,,2025-04-26 10:40:07
125,4/2/2025 10:00 PM CCT,NATURAL GAS PIPELINE CO.,INTRADAY 3,Delivery Location,39855,HORIZON/NGPL SOUTH GRUNDY          ,6.0,28.0,"380,000","380,000",12,"379,988",N,BD,Y,,2025-04-26 10:40:07
126,4/2/2025 10:00 PM CCT,NATURAL GAS PIPELINE CO.,INTRADAY 3,Delivery Location,39865,OPPD/NGPL CASS CO. NEBRASKA CASS   ,6.0,12.0,"125,488","125,488",0,"125,488",N,D,Y,,2025-04-26 10:40:07
127,4/2/2025 10:00 PM CCT,NATURAL GAS PIPELINE CO.,INTRADAY 3,Delivery Location,39927,CALPINE/NGPL ZION LAKE             ,6.0,39.0,"391,500","391,500",0,"391,500",N,D,Y,,2025-04-26 10:40:07
128,4/2/2025 10:00 PM CCT,NATURAL GAS PIPELINE CO.,INTRADAY 3,Delivery Location,40057,DYNEGY/NGPL NRG LSP-KENDALL KENDALL,6.0,14.0,"133,334","133,334",0,"133,334",N,D,Y,,2025-04-26 10:40:07
129,4/2/2025 10:00 PM CCT,NATURAL GAS PIPELINE CO.,INTRADAY 3,Delivery Location,40058,TMI/NGPL NRG LSP-KENDALL PWR PLT KE,6.0,14.0,"133,333","133,333",0,"133,333",N,D,Y,,2025-04-26 10:40:07
130,4/2/2025 10:00 PM CCT,NATURAL GAS PIPELINE CO.,INTRADAY 3,Delivery Location,40059,NRG  PM/NGPL LSP-KENDALL PWR PLT KE,6.0,14.0,"133,333","133,333",0,"133,333",N,D,Y,,2025-04-26 10:40:07
131,4/2/2025 10:00 PM CCT,NATURAL GAS PIPELINE CO.,INTRADAY 3,Delivery Location,40106,AMUE/NGPL RACCOON POWER PLT CLAY   ,6.0,28.0,"136,000","136,000",0,"136,000",N,D,Y,,2025-04-26 10:40:07
132,4/2/2025 10:00 PM CCT,NATURAL GAS PIPELINE CO.,INTRADAY 3,Delivery Location,40250,AMUE/NGPL GOOSE CREEK POWER PLT PIA,6.0,28.0,"150,000","150,000",0,0,N,D,Y,,2025-04-26 10:40:07
133,4/2/2025 10:00 PM CCT,NATURAL GAS PIPELINE CO.,INTRADAY 3,Delivery Location,40257,CALPINE/NGPL ZION ENERGY LAKE      ,6.0,39.0,"335,000","335,000","47,000","288,000",N,D,Y,,2025-04-26 10:40:07
134,4/2/2025 10:00 PM CCT,NATURAL GAS PIPELINE CO.,INTRADAY 3,Delivery Location,40300,HILCORP/NGPL CAM                   ,5.0,23.0,"7,776","7,776",198,"7,578",Y,D,Y,,2025-04-26 10:40:07
135,4/2/2025 10:00 PM CCT,NATURAL GAS PIPELINE CO.,INTRADAY 3,Delivery Location,40330,AMER IL/NGPL METROEAST MADISON     ,6.0,28.0,"321,333","321,333",0,0,N,D,Y,,2025-04-26 10:40:07
136,4/2/2025 10:00 PM CCT,NATURAL GAS PIPELINE CO.,INTRADAY 3,Delivery Location,40375,E TX ELE/NGPL POWER PLANT HARRISON ,3.0,26.0,"100,000","100,000",0,"100,000",N,D,Y,,2025-04-26 10:40:07
137,4/2/2025 10:00 PM CCT,NATURAL GAS PIPELINE CO.,INTRADAY 3,Delivery Location,40400,GUARD/NGPL WILL                    ,6.0,33.0,"303,300","200,000",0,"200,000",N,D,Y,,2025-04-26 10:40:07
138,4/2/2025 10:00 PM CCT,NATURAL GAS PIPELINE CO.,INTRADAY 3,Delivery Location,40460,PGLC/NGPL FORD BUILDING #8 COOK    ,6.0,32.0,0,0,0,0,N,D,Y,,2025-04-26 10:40:07
139,4/2/2025 10:00 PM CCT,NATURAL GAS PIPELINE CO.,INTRADAY 3,Delivery Location,40462,PGLC/NGPL FORD BUILDING #9 COOK    ,6.0,32.0,0,0,0,0,N,D,Y,,2025-04-26 10:40:07
140,4/2/2025 10:00 PM CCT,NATURAL GAS PIPELINE CO.,INTRADAY 3,Delivery Location,40900,ONG/NGPL LITTLE CITY MARSHALL      ,3.0,15.0,"18,224","18,224",494,"17,730",N,D,Y,,2025-04-26 10:40:07
141,4/2/2025 10:00 PM CCT,NATURAL GAS PIPELINE CO.,INTRADAY 3,Delivery Location,41027,BHSC/NGPL GLENWOOD MILLS           ,6.0,12.0,"7,000","7,000",0,0,N,D,Y,,2025-04-26 10:40:07
142,4/2/2025 10:00 PM CCT,NATURAL GAS PIPELINE CO.,INTRADAY 3,Delivery Location,41074,BHSC/NGPL CDP                      ,6.0,12.0,0,"91,449","31,635","59,814",N,D,Y,,2025-04-26 10:40:07
143,4/2/2025 10:00 PM CCT,NATURAL GAS PIPELINE CO.,INTRADAY 3,Delivery Location,41590,TXGASSRV/NGPL SABINE JEFFERSON     ,3.0,25.0,"2,400","2,400",20,"2,380",N,D,Y,,2025-04-26 10:40:07
144,4/2/2025 10:00 PM CCT,NATURAL GAS PIPELINE CO.,INTRADAY 3,Delivery Location,41796,ATMOS-TX/NGPL AT PARIS LAMAR       ,3.0,17.0,"250,000","250,000",0,"250,000",N,BD,Y,,2025-04-26 10:40:07
145,4/2/2025 10:00 PM CCT,NATURAL GAS PIPELINE CO.,INTRADAY 3,Delivery Location,41912,AMUE/NGPL AMEREN CDP               ,6.0,28.0,0,"70,000",0,"70,000",N,D,Y,,2025-04-26 10:40:07
146,4/2/2025 10:00 PM CCT,NATURAL GAS PIPELINE CO.,INTRADAY 3,Delivery Location,42390,AECC/NGPL WRIGHTSVILLE - FULTON CDP,6.0,27.0,0,"120,000","23,728","96,272",N,D,Y,,2025-04-26 10:40:07
147,4/2/2025 10:00 PM CCT,NATURAL GAS PIPELINE CO.,INTRADAY 3,Delivery Location,42609,HERETHNL/NGPL DE                   ,1.0,8.0,"12,000","12,000","4,200","7,800",N,D,Y,,2025-04-26 10:40:07
148,4/2/2025 10:00 PM CCT,NATURAL GAS PIPELINE CO.,INTRADAY 3,Delivery Location,43043,JO CE/NGPL SAVANNA HENRY           ,6.0,29.0,"16,000","7,500",717,"6,783",N,D,Y,,2025-04-26 10:40:07
149,4/2/2025 10:00 PM CCT,NATURAL GAS PIPELINE CO.,INTRADAY 3,Delivery Location,43044,NICORGAS/NGPL BIO-SOLIDS COOK      ,6.0,31.0,"2,000","2,000",0,0,N,D,Y,,2025-04-26 10:40:07
150,4/2/2025 10:00 PM CCT,NATURAL GAS PIPELINE CO.,INTRADAY 3,Delivery Location,43169,E ENERGY/NGPL ADAMS GAGE           ,6.0,12.0,"10,400","10,400","5,700","4,700",N,D,Y,,2025-04-26 10:40:07
151,4/2/2025 10:00 PM CCT,NATURAL GAS PIPELINE CO.,INTRADAY 3,Delivery Location,43393,PGLC/KMIP                          ,6.0,33.0,"621,000","621,000",0,"621,000",N,D,Y,,2025-04-26 10:40:07
152,4/2/2025 10:00 PM CCT,NATURAL GAS PIPELINE CO.,INTRADAY 3,Delivery Location,43491,KMTEJAS/NGPL NAC                   ,3.0,26.0,"300,000","300,000",0,"300,000",N,BD,Y,,2025-04-26 10:40:07
153,4/2/2025 10:00 PM CCT,NATURAL GAS PIPELINE CO.,INTRADAY 3,Delivery Location,44094,BRIDGHOL/NGPL JOHNSONS BAYOU CAMERO,5.0,23.0,"200,000",1,0,1,N,D,Y,,2025-04-26 10:40:07
154,4/2/2025 10:00 PM CCT,NATURAL GAS PIPELINE CO.,INTRADAY 3,Delivery Location,44405,NGPL/KMLP                          ,5.0,23.0,"1,597,500","745,000","92,835","652,165",N,BD,Y,,2025-04-26 10:40:07
155,4/2/2025 10:00 PM CCT,NATURAL GAS PIPELINE CO.,INTRADAY 3,Delivery Location,44408,TRNSCO/NGPL JOHNSONS BAYOU SW CAMER,5.0,23.0,"243,855","43,855",0,"43,855",N,D,Y,,2025-04-26 10:40:07
156,4/2/2025 10:00 PM CCT,NATURAL GAS PIPELINE CO.,INTRADAY 3,Delivery Location,44439,MEP/NGPL LAMAR                     ,3.0,17.0,"350,000","350,000","185,257","164,743",Y,D,Y,,2025-04-26 10:40:07
157,4/2/2025 10:00 PM CCT,NATURAL GAS PIPELINE CO.,INTRADAY 3,Delivery Location,44452,PATRIOT/NGPL ETHANOL HENRY         ,6.0,14.0,"27,000","27,000","10,000","17,000",N,D,Y,,2025-04-26 10:40:07
158,4/2/2025 10:00 PM CCT,NATURAL GAS PIPELINE CO.,INTRADAY 3,Delivery Location,44506,HRRII/NGPL EMERGENCY FUEL D CARSON ,2.0,6.0,"1,000","1,000",0,"1,000",N,D,Y,,2025-04-26 10:40:07
159,4/2/2025 10:00 PM CCT,NATURAL GAS PIPELINE CO.,INTRADAY 3,Delivery Location,44528,GLDNPASS/NGPL JE                   ,3.0,25.0,"390,000","390,000",0,"390,000",N,BD,Y,,2025-04-26 10:40:07
160,4/2/2025 10:00 PM CCT,NATURAL GAS PIPELINE CO.,INTRADAY 3,Delivery Location,44543,XTO ENER/NGPL DAUBE RANCH JOHNSTON ,3.0,15.0,"4,400","4,400",0,"4,400",N,BD,Y,,2025-04-26 10:40:07
161,4/2/2025 10:00 PM CCT,NATURAL GAS PIPELINE CO.,INTRADAY 3,Delivery Location,44657,TRES PAL/NGPL TRES PALACIOS STORAGE,4.0,22.0,"880,000","880,000","75,186","804,814",Y,BD,Y,,2025-04-26 10:40:07
162,4/2/2025 10:00 PM CCT,NATURAL GAS PIPELINE CO.,INTRADAY 3,Delivery Location,44776,ONE EART/NGPL ETHANOL PLANT MC LEAN,6.0,28.0,"15,000","15,000","10,500","4,500",N,D,Y,,2025-04-26 10:40:07
163,4/2/2025 10:00 PM CCT,NATURAL GAS PIPELINE CO.,INTRADAY 3,Delivery Location,44836,HOLLY EP/NGPL CUST TRANS EDDY      ,1.0,7.0,"19,154","19,154",0,"19,154",N,D,Y,,2025-04-26 10:40:07
164,4/2/2025 10:00 PM CCT,NATURAL GAS PIPELINE CO.,INTRADAY 3,Delivery Location,44941,ENABLEIL/NGPL METROEAST MADISON    ,6.0,28.0,"95,000","95,000",0,"95,000",N,D,Y,,2025-04-26 10:40:07
165,4/2/2025 10:00 PM CCT,NATURAL GAS PIPELINE CO.,INTRADAY 3,Delivery Location,45257,NICORGAS/NGPL PATTERSON RD WILL    ,6.0,33.0,"16,519","16,519",0,0,N,D,Y,,2025-04-26 10:40:07
166,4/2/2025 10:00 PM CCT,NATURAL GAS PIPELINE CO.,INTRADAY 3,Delivery Location,45373,ENSTOR/NGPL GRAMA RIDGE LEA        ,1.0,9.0,"110,000","60,000",0,"60,000",N,BD,Y,,2025-04-26 10:40:07
167,4/2/2025 10:00 PM CCT,NATURAL GAS PIPELINE CO.,INTRADAY 3,Delivery Location,45402,EMP-EOIT/NGPL DEL BRYAN            ,3.0,17.0,"25,000","25,000",0,"25,000",N,D,Y,,2025-04-26 10:40:07
168,4/2/2025 10:00 PM CCT,NATURAL GAS PIPELINE CO.,INTRADAY 3,Delivery Location,46273,NAVITAS/NGPL LATERAL DELIVERY LOVE ,3.0,15.0,"3,000","3,000",109,"2,891",Y,D,Y,,2025-04-26 10:40:07
169,4/2/2025 10:00 PM CCT,NATURAL GAS PIPELINE CO.,INTRADAY 3,Delivery Location,46285,SWEPCO/NGPL TURK HEMPSTEAD         ,6.0,27.0,"23,000","23,000",0,"23,000",N,D,Y,,2025-04-26 10:40:07
170,4/2/2025 10:00 PM CCT,NATURAL GAS PIPELINE CO.,INTRADAY 3,Delivery Location,46388,AMER IL/NGPL AMEREN BUREAU         ,6.0,14.0,"158,000","158,000",0,0,N,D,Y,,2025-04-26 10:40:07
171,4/2/2025 10:00 PM CCT,NATURAL GAS PIPELINE CO.,INTRADAY 3,Delivery Location,46480,PSI MIDS/NGPL PROCESSING PLANT CAME,5.0,23.0,"175,000","175,000",0,"175,000",N,D,Y,,2025-04-26 10:40:07
172,4/2/2025 10:00 PM CCT,NATURAL GAS PIPELINE CO.,INTRADAY 3,Delivery Location,46594,AMER IL/NGPL AM CDP                ,6.0,14.0,0,"149,537","50,355","99,182",N,D,Y,,2025-04-26 10:40:07
173,4/2/2025 10:00 PM CCT,NATURAL GAS PIPELINE CO.,INTRADAY 3,Delivery Location,46595,AMER IL/NGPL GC CDP                ,6.0,28.0,0,"183,034","65,590","117,444",N,D,Y,,2025-04-26 10:40:07
174,4/2/2025 10:00 PM CCT,NATURAL GAS PIPELINE CO.,INTRADAY 3,Delivery Location,46622,SPLIQ/NGPL SABINE PASS LIQUEFACTION,5.0,23.0,"1,700,000","1,100,000","469,708","630,292",N,D,Y,,2025-04-26 10:40:07
175,4/2/2025 10:00 PM CCT,NATURAL GAS PIPELINE CO.,INTRADAY 3,Delivery Location,46896,XTO ENER/NGPL FUEL CARTER          ,3.0,15.0,"1,151","1,151",109,"1,042",Y,D,Y,,2025-04-26 10:40:07
176,4/2/2025 10:00 PM CCT,NATURAL GAS PIPELINE CO.,INTRADAY 3,Delivery Location,47140,CNTRPT/NGPL KATY MILLS HARRIS      ,4.0,22.0,"4,800","4,800",139,"4,661",Y,D,Y,,2025-04-26 10:40:07
177,4/2/2025 10:00 PM CCT,NATURAL GAS PIPELINE CO.,INTRADAY 3,Delivery Location,47225,TALLGRAS/NGPL PONY EXPRESS LINCOLN ,2.0,11.0,"200,000","200,000","4,989","195,011",N,D,Y,,2025-04-26 10:40:07
178,4/2/2025 10:00 PM CCT,NATURAL GAS PIPELINE CO.,INTRADAY 3,Delivery Location,47226,NMP/NGPL NUECES                    ,4.0,20.0,"500,000","425,000","26,950","398,050",Y,BD,Y,,2025-04-26 10:40:07
179,4/2/2025 10:00 PM CCT,NATURAL GAS PIPELINE CO.,INTRADAY 3,Delivery Location,47662,ATMOS-TX/NGPL PYOTE WARD           ,1.0,9.0,"200,000",1,0,1,N,BD,Y,,2025-04-26 10:40:07
180,4/2/2025 10:00 PM CCT,NATURAL GAS PIPELINE CO.,INTRADAY 3,Delivery Location,47686,PAMPA/NGPL GRAY                    ,2.0,6.0,"15,000","15,000","9,170","5,830",N,D,Y,,2025-04-26 10:40:07
181,4/2/2025 10:00 PM CCT,NATURAL GAS PIPELINE CO.,INTRADAY 3,Delivery Location,47760,SIENERGY/NGPL TAMARRON FORT BEND   ,4.0,22.0,"50,000","50,000",397,"49,603",Y,D,Y,,2025-04-26 10:40:07
182,4/2/2025 10:00 PM CCT,NATURAL GAS PIPELINE CO.,INTRADAY 3,Delivery Location,48273,BHSC/NGPL BEATRICE GAGE            ,2.0,11.0,"14,000","14,000","1,156","12,844",N,D,Y,,2025-04-26 10:40:07
183,4/2/2025 10:00 PM CCT,NATURAL GAS PIPELINE CO.,INTRADAY 3,Delivery Location,48381,E TX ELE/NGPL ETEC UNIT#1 SAN JACIN,3.0,26.0,"44,330","44,330","7,300","37,030",N,D,Y,,2025-04-26 10:40:07
184,4/2/2025 10:00 PM CCT,NATURAL GAS PIPELINE CO.,INTRADAY 3,Delivery Location,48382,E TX ELE/NGPL ENTERGY UNIT#2 SAN JA,3.0,26.0,"44,330","44,330",0,"44,330",N,D,Y,,2025-04-26 10:40:07
185,4/2/2025 10:00 PM CCT,NATURAL GAS PIPELINE CO.,INTRADAY 3,Delivery Location,48530,GULFSTH/NGPL COASTAL BEND WHARTON  ,4.0,22.0,"850,000","850,000","15,845","834,155",N,BD,Y,,2025-04-26 10:40:07
186,4/2/2025 10:00 PM CCT,NATURAL GAS PIPELINE CO.,INTRADAY 3,Delivery Location,48934,CCCPL/NGPL SINTON SAN PATRICIO     ,4.0,22.0,"1,030,000","1,030,000","240,783","789,217",Y,D,Y,,2025-04-26 10:40:07
187,4/2/2025 10:00 PM CCT,NATURAL GAS PIPELINE CO.,INTRADAY 3,Delivery Location,49222,"CFS-STX/NGPL MESTENA GRANDE 8"" JIM ",4.0,18.0,"10,000","10,000",0,"10,000",N,D,Y,,2025-04-26 10:40:07
188,4/2/2025 10:00 PM CCT,NATURAL GAS PIPELINE CO.,INTRADAY 3,Delivery Location,49479,KIOWA PP/NGPL KIAMICHI POWER PLANT ,3.0,16.0,"253,000","253,000","43,788","209,212",N,D,Y,,2025-04-26 10:40:07
189,4/2/2025 10:00 PM CCT,NATURAL GAS PIPELINE CO.,INTRADAY 3,Delivery Location,49574,WHITEWTR/NGPL WAHA CONNECTOR WARD  ,1.0,9.0,"500,000","500,000",50,"499,950",N,BD,Y,,2025-04-26 10:40:07
190,4/2/2025 10:00 PM CCT,NATURAL GAS PIPELINE CO.,INTRADAY 3,Delivery Location,50776,VERSADO/NGPL FUEL GAS LEA          ,1.0,9.0,"2,100","2,100","1,740",360,N,D,Y,,2025-04-26 10:40:07
191,4/2/2025 10:00 PM CCT,NATURAL GAS PIPELINE CO.,INTRADAY 3,Delivery Location,53776,VCP/NGPL MUSTANG M/L 1 NUECES      ,4.0,20.0,"500,000","500,000","91,845","408,155",N,BD,Y,,2025-04-26 10:40:07
192,4/2/2025 10:00 PM CCT,NATURAL GAS PIPELINE CO.,INTRADAY 3,Delivery Location,53785,OASIS/NGPL SAGEBRUSH WARD          ,1.0,9.0,"500,000","500,000",0,"500,000",N,BD,Y,,2025-04-26 10:40:07
193,4/2/2025 10:00 PM CCT,NATURAL GAS PIPELINE CO.,INTRADAY 3,Delivery Location,53830,TARGAND/NGPL SAN SIMON LEA         ,1.0,9.0,"9,300","9,300","2,500","6,800",N,D,Y,,2025-04-26 10:40:07
194,4/2/2025 10:00 PM CCT,NATURAL GAS PIPELINE CO.,INTRADAY 3,Delivery Location,53967,TARGAND/NGPL CRITTENDON WINKLER    ,1.0,9.0,"6,700","6,700",70,"6,630",N,D,Y,,2025-04-26 10:40:07
195,4/2/2025 10:00 PM CCT,NATURAL GAS PIPELINE CO.,INTRADAY 3,Delivery Location,54683,GULFSTH/NGPL DIST. GOODRICH POLK   ,3.0,26.0,"200,000","200,000","97,483","102,517",N,D,Y,,2025-04-26 10:40:07
196,4/2/2025 10:00 PM CCT,NATURAL GAS PIPELINE CO.,INTRADAY 3,Delivery Location,54796,AGUABLAN/NGPL LOCKRIDGE WAHA PECOS ,1.0,9.0,"200,100","200,100",0,"200,100",N,BD,Y,,2025-04-26 10:40:07
197,4/2/2025 10:00 PM CCT,NATURAL GAS PIPELINE CO.,INTRADAY 3,Delivery Location,54805,ENENBLLC/NGPL HARRINGTON TRAILS CG ,3.0,26.0,"2,340","2,340",74,"2,266",N,D,Y,,2025-04-26 10:40:07
198,4/2/2025 10:00 PM CCT,NATURAL GAS PIPELINE CO.,INTRADAY 3,Delivery Location,54824,TRNSPEC/NGPL LOCKRIDGE PECOS       ,1.0,9.0,"500,000","500,000","29,850","470,150",N,BD,Y,,2025-04-26 10:40:07
199,4/2/2025 10:00 PM CCT,NATURAL GAS PIPELINE CO.,INTRADAY 3,Delivery Location,54920,THREE/NGPL THREE RIVERS GRUNDY     ,6.0,35.0,"239,000","219,000",0,"219,000",N,D,Y,,2025-04-26 10:40:07
200,4/2/2025 10:00 PM CCT,NATURAL GAS PIPELINE CO.,INTRADAY 3,Delivery Location,55254,LAFRONT/NGPL BLACK MARLIN LAMAR PP ,3.0,17.0,"500,000","500,000",0,"500,000",N,D,Y,,2025-04-26 10:40:07
201,4/2/2025 10:00 PM CCT,NATURAL GAS PIPELINE CO.,INTRADAY 3,Delivery Location,55376,TARGAND/NGPL VANDELAY DELIVERY LEA ,1.0,9.0,"8,000","8,000","2,950","5,050",N,D,Y,,2025-04-26 10:40:07
202,4/2/2025 10:00 PM CCT,NATURAL GAS PIPELINE CO.,INTRADAY 3,Delivery Location,55705,GATEWAY/NGPL BANTAM HEMPSTEAD      ,6.0,27.0,"1,599","1,599",330,"1,269",N,D,Y,,2025-04-26 10:40:07
203,4/2/2025 10:00 PM CCT,NATURAL GAS PIPELINE CO.,INTRADAY 3,Delivery Location,55878,IOWAWAST/NGPL LOESS HILLS BIOGAS BU,6.0,13.0,"3,000","3,000",0,"3,000",N,D,Y,,2025-04-26 10:40:07
204,4/2/2025 10:00 PM CCT,NATURAL GAS PIPELINE CO.,INTRADAY 3,Delivery Location,55899,OZARK/NGPL NOARK 2 LAWRENCE        ,6.0,27.0,"168,510","168,510","26,000","142,510",N,D,Y,,2025-04-26 10:40:07
205,4/2/2025 10:00 PM CCT,NATURAL GAS PIPELINE CO.,INTRADAY 3,Delivery Location,55991,TERCOUNT/NGPL FAIRGROUNDS RNG BUYBA,6.0,39.0,"5,401","5,401",0,"5,401",N,D,Y,,2025-04-26 10:40:07
206,4/2/2025 10:00 PM CCT,NATURAL GAS PIPELINE CO.,INTRADAY 3,Delivery Location,56331,INVENERG/NGPL INVENERGY NELSON LEE ,6.0,29.0,"106,800","106,800","8,500","98,300",N,D,Y,,2025-04-26 10:40:07
207,4/2/2025 10:00 PM CCT,NATURAL GAS PIPELINE CO.,INTRADAY 3,Delivery Location,56332,INVENERG/NGPL INVENERGY NELSON EXPA,6.0,29.0,"100,000","100,000",0,"100,000",N,D,Y,,2025-04-26 10:40:07
208,4/2/2025 10:00 PM CCT,NATURAL GAS PIPELINE CO.,INTRADAY 3,Delivery Location,56339,BTOHLLC/NGPL UPS CNG HODGKINS COOK ,6.0,31.0,"4,100","4,100","2,000","2,100",N,D,Y,,2025-04-26 10:40:07
209,4/2/2025 10:00 PM CCT,NATURAL GAS PIPELINE CO.,INTRADAY 3,Delivery Location,56387,HOOKSGAS/NGPL PRESSWOOD FM 2090 DEL,3.0,26.0,"2,255","2,255",25,"2,230",N,D,Y,,2025-04-26 10:40:07
210,4/2/2025 10:00 PM CCT,NATURAL GAS PIPELINE CO.,INTRADAY 3,Delivery Location,56481,NORTHMID/NGPL TITAN BECKHAM RD DEL ,1.0,9.0,"24,900","24,900","6,000","18,900",Y,D,Y,,2025-04-26 10:40:07
211,4/2/2025 10:00 PM CCT,NATURAL GAS PIPELINE CO.,INTRADAY 3,Delivery Location,56494,SPS/NGPL BRICKPLANT RD HARRINGTON D,1.0,8.0,"271,625","196,625","49,685","146,940",N,D,Y,,2025-04-26 10:40:07
212,4/2/2025 10:00 PM CCT,NATURAL GAS PIPELINE CO.,INTRADAY 3,Delivery Location,56793,NORTHMID/NGPL PELICAN NM-128 DEL LE,1.0,9.0,"51,250","51,250","2,000","49,250",Y,D,Y,,2025-04-26 10:40:07
213,4/2/2025 10:00 PM CCT,NATURAL GAS PIPELINE CO.,INTRADAY 3,Delivery Location,56794,NORTHMID/NGPL SIEGE DELAWARE BSN RD,1.0,9.0,"51,250","51,250","2,000","49,250",Y,D,Y,,2025-04-26 10:40:07
214,4/2/2025 10:00 PM CCT,NATURAL GAS PIPELINE CO.,INTRADAY 3,Delivery Location,56860,NORTHMID/NGPL FLIGHT BARRIO RD DEL ,1.0,9.0,"46,125","46,125",0,"46,125",N,D,Y,,2025-04-26 10:40:07
215,4/2/2025 10:00 PM CCT,NATURAL GAS PIPELINE CO.,INTRADAY 3,Delivery Location,900001,NO SHORE/NGPL GRAYSLAKE LAKE       ,6.0,39.0,"374,400","374,400",0,0,N,D,Y,,2025-04-26 10:40:07
216,4/2/2025 10:00 PM CCT,NATURAL GAS PIPELINE CO.,INTRADAY 3,Delivery Location,900002,NICORGAS/NGPL VOLO LAKE            ,6.0,39.0,"295,840","295,840",0,0,N,D,Y,,2025-04-26 10:40:07
217,4/2/2025 10:00 PM CCT,NATURAL GAS PIPELINE CO.,INTRADAY 3,Delivery Location,900003,NICORGAS/NGPL BARRINGTON LAKE      ,6.0,40.0,"57,010","57,010",0,0,N,D,Y,,2025-04-26 10:40:07
218,4/2/2025 10:00 PM CCT,NATURAL GAS PIPELINE CO.,INTRADAY 3,Delivery Location,900004,NICORGAS/NGPL MC HENRY MC HENRY    ,6.0,38.0,"87,811","87,811",0,0,N,D,Y,,2025-04-26 10:40:07
219,4/2/2025 10:00 PM CCT,NATURAL GAS PIPELINE CO.,INTRADAY 3,Delivery Location,900005,NICORGAS/NGPL WOODSTOCK MC HENRY   ,6.0,38.0,"58,441","58,441",0,0,N,D,Y,,2025-04-26 10:40:07
220,4/2/2025 10:00 PM CCT,NATURAL GAS PIPELINE CO.,INTRADAY 3,Delivery Location,900006,NICORGAS/NGPL RICHMOND MC HENRY    ,6.0,29.0,"13,504","13,504",0,0,N,D,Y,,2025-04-26 10:40:07
221,4/2/2025 10:00 PM CCT,NATURAL GAS PIPELINE CO.,INTRADAY 3,Delivery Location,900007,WISC ELE/NGPL GENOA CITY #2 MC HENR,6.0,29.0,"54,705","54,705",0,0,N,D,Y,,2025-04-26 10:40:07
222,4/2/2025 10:00 PM CCT,NATURAL GAS PIPELINE CO.,INTRADAY 3,Delivery Location,900008,WISC ELE/NGPL GENOA CITY #1 MC HENR,6.0,29.0,"54,741","54,741",0,0,N,D,Y,,2025-04-26 10:40:07
223,4/2/2025 10:00 PM CCT,NATURAL GAS PIPELINE CO.,INTRADAY 3,Delivery Location,900009,NICORGAS/NGPL HEBRON MC HENRY      ,6.0,29.0,"3,479","3,479",0,0,N,D,Y,,2025-04-26 10:40:07
224,4/2/2025 10:00 PM CCT,NATURAL GAS PIPELINE CO.,INTRADAY 3,Delivery Location,900011,NICORGAS/NGPL BELVIDERE BOONE      ,6.0,29.0,"67,878","67,878",0,0,N,D,Y,,2025-04-26 10:40:07
225,4/2/2025 10:00 PM CCT,NATURAL GAS PIPELINE CO.,INTRADAY 3,Delivery Location,900012,NICORGAS/NGPL ROCKFORD WINNEBAGO   ,6.0,29.0,"400,249","400,249",0,0,N,D,Y,,2025-04-26 10:40:07
226,4/2/2025 10:00 PM CCT,NATURAL GAS PIPELINE CO.,INTRADAY 3,Delivery Location,900013,NICORGAS/NGPL SYCAMORE DE KALB     ,6.0,29.0,"185,660","185,660",0,0,N,D,Y,,2025-04-26 10:40:07
227,4/2/2025 10:00 PM CCT,NATURAL GAS PIPELINE CO.,INTRADAY 3,Delivery Location,900014,NICORGAS/NGPL KINGS OGLE           ,6.0,29.0,"6,973","6,973",0,0,N,D,Y,,2025-04-26 10:40:07
228,4/2/2025 10:00 PM CCT,NATURAL GAS PIPELINE CO.,INTRADAY 3,Delivery Location,900015,NICORGAS/NGPL ROCHELLE OGLE        ,6.0,29.0,"41,307","41,307",0,0,N,D,Y,,2025-04-26 10:40:07
229,4/2/2025 10:00 PM CCT,NATURAL GAS PIPELINE CO.,INTRADAY 3,Delivery Location,900016,NICORGAS/NGPL OREGON OGLE          ,6.0,29.0,"10,605","10,605",0,0,N,D,Y,,2025-04-26 10:40:07
230,4/2/2025 10:00 PM CCT,NATURAL GAS PIPELINE CO.,INTRADAY 3,Delivery Location,900018,NICORGAS/NGPL DIXON LEE            ,6.0,29.0,"35,399","35,399",0,0,N,D,Y,,2025-04-26 10:40:07
231,4/2/2025 10:00 PM CCT,NATURAL GAS PIPELINE CO.,INTRADAY 3,Delivery Location,900019,NICORGAS/NGPL SOUTH DIXON LEE      ,6.0,29.0,"33,186","33,186",0,0,N,D,Y,,2025-04-26 10:40:07
232,4/2/2025 10:00 PM CCT,NATURAL GAS PIPELINE CO.,INTRADAY 3,Delivery Location,900021,NICORGAS/NGPL ROCK FALLS LEE       ,6.0,29.0,"104,047","104,047",0,0,N,D,Y,,2025-04-26 10:40:07
233,4/2/2025 10:00 PM CCT,NATURAL GAS PIPELINE CO.,INTRADAY 3,Delivery Location,900022,NICORGAS/NGPL TAMPICO WHITESIDE    ,6.0,29.0,"10,605","10,605",0,0,N,D,Y,,2025-04-26 10:40:07
234,4/2/2025 10:00 PM CCT,NATURAL GAS PIPELINE CO.,INTRADAY 3,Delivery Location,900024,NICORGAS/NGPL PROPHETSTOWN HENRY   ,6.0,29.0,"8,479","8,479",0,0,N,D,Y,,2025-04-26 10:40:07
235,4/2/2025 10:00 PM CCT,NATURAL GAS PIPELINE CO.,INTRADAY 3,Delivery Location,900025,NICORGAS/NGPL GENESEO HENRY        ,6.0,29.0,"11,228","11,228",0,0,N,D,Y,,2025-04-26 10:40:07
236,4/2/2025 10:00 PM CCT,NATURAL GAS PIPELINE CO.,INTRADAY 3,Delivery Location,900026,NICORGAS/NGPL MORRIS GRUNDY        ,6.0,14.0,"33,953","33,953",0,0,N,D,Y,,2025-04-26 10:40:07
237,4/2/2025 10:00 PM CCT,NATURAL GAS PIPELINE CO.,INTRADAY 3,Delivery Location,900028,NICORGAS/NGPL WEDRON LA SALLE      ,6.0,14.0,"157,860","157,860",0,0,N,D,Y,,2025-04-26 10:40:07
238,4/2/2025 10:00 PM CCT,NATURAL GAS PIPELINE CO.,INTRADAY 3,Delivery Location,900029,NICORGAS/NGPL OTTAWA LA SALLE      ,6.0,14.0,"67,263","67,263",0,0,N,D,Y,,2025-04-26 10:40:07
239,4/2/2025 10:00 PM CCT,NATURAL GAS PIPELINE CO.,INTRADAY 3,Delivery Location,900030,AMER IL/NGPL LA SALLE #2 LA SALLE  ,6.0,14.0,"64,239","64,239",0,0,N,D,Y,,2025-04-26 10:40:07
240,4/2/2025 10:00 PM CCT,NATURAL GAS PIPELINE CO.,INTRADAY 3,Delivery Location,900032,AMER IL/NGPL LA SALLE #4 LA SALLE  ,6.0,14.0,"67,373","67,373",0,0,N,D,Y,,2025-04-26 10:40:07
241,4/2/2025 10:00 PM CCT,NATURAL GAS PIPELINE CO.,INTRADAY 3,Delivery Location,900033,AMER IL/NGPL LADD BUREAU           ,6.0,14.0,"3,504","3,504",0,0,N,D,Y,,2025-04-26 10:40:07
242,4/2/2025 10:00 PM CCT,NATURAL GAS PIPELINE CO.,INTRADAY 3,Delivery Location,900036,AMER IL/NGPL HOLLOWAYVILLE BUREAU  ,6.0,14.0,"3,487","3,487",0,0,N,D,Y,,2025-04-26 10:40:07
243,4/2/2025 10:00 PM CCT,NATURAL GAS PIPELINE CO.,INTRADAY 3,Delivery Location,900037,AMER IL/NGPL DOVER BUREAU          ,6.0,14.0,"1,218","1,218",0,0,N,D,Y,,2025-04-26 10:40:07
244,4/2/2025 10:00 PM CCT,NATURAL GAS PIPELINE CO.,INTRADAY 3,Delivery Location,900038,NICORGAS/NGPL PRINCETON BUREAU     ,6.0,14.0,"16,959","16,959",0,0,N,D,Y,,2025-04-26 10:40:07
245,4/2/2025 10:00 PM CCT,NATURAL GAS PIPELINE CO.,INTRADAY 3,Delivery Location,900039,AMER IL/NGPL WYANET BUREAU         ,6.0,14.0,"3,483","3,483",0,0,N,D,Y,,2025-04-26 10:40:07
246,4/2/2025 10:00 PM CCT,NATURAL GAS PIPELINE CO.,INTRADAY 3,Delivery Location,900040,AMER IL/NGPL MANLIUS BUREAU        ,6.0,14.0,"1,218","1,218",0,0,N,D,Y,,2025-04-26 10:40:07
247,4/2/2025 10:00 PM CCT,NATURAL GAS PIPELINE CO.,INTRADAY 3,Delivery Location,900042,AMER IL/NGPL MINERAL BUREAU        ,6.0,14.0,"1,218","1,218",0,0,N,D,Y,,2025-04-26 10:40:07
248,4/2/2025 10:00 PM CCT,NATURAL GAS PIPELINE CO.,INTRADAY 3,Delivery Location,900043,AMER IL/NGPL KEWANEE HENRY         ,6.0,14.0,"45,195","45,195",0,0,N,D,Y,,2025-04-26 10:40:07
249,4/2/2025 10:00 PM CCT,NATURAL GAS PIPELINE CO.,INTRADAY 3,Delivery Location,900044,AMER IL/NGPL ATKINSON HENRY        ,6.0,14.0,"1,149","1,149",0,0,N,D,Y,,2025-04-26 10:40:07
250,4/2/2025 10:00 PM CCT,NATURAL GAS PIPELINE CO.,INTRADAY 3,Delivery Location,900045,NICORGAS/NGPL SOUTH GENESEO HENRY  ,6.0,14.0,"2,977","2,977",0,0,N,D,Y,,2025-04-26 10:40:07
251,4/2/2025 10:00 PM CCT,NATURAL GAS PIPELINE CO.,INTRADAY 3,Delivery Location,900046,MIDAMER/NGPL MOLINE #4 HENRY       ,6.0,14.0,"27,658","27,658",0,0,N,D,Y,,2025-04-26 10:40:07
252,4/2/2025 10:00 PM CCT,NATURAL GAS PIPELINE CO.,INTRADAY 3,Delivery Location,900047,MIDAMER/NGPL MOLINE #3 HENRY       ,6.0,14.0,"77,787","77,787",0,0,N,D,Y,,2025-04-26 10:40:07
253,4/2/2025 10:00 PM CCT,NATURAL GAS PIPELINE CO.,INTRADAY 3,Delivery Location,900048,MIDAMER/NGPL MOLINE #1 ROCK ISLAND ,6.0,14.0,"100,149","100,149",0,0,N,D,Y,,2025-04-26 10:40:07
254,4/2/2025 10:00 PM CCT,NATURAL GAS PIPELINE CO.,INTRADAY 3,Delivery Location,900049,MIDAMER/NGPL MOLINE #2 ROCK ISLAND ,6.0,14.0,"139,155","139,155",0,0,N,D,Y,,2025-04-26 10:40:07
255,4/2/2025 10:00 PM CCT,NATURAL GAS PIPELINE CO.,INTRADAY 3,Delivery Location,900050,AMER IL/NGPL SHERRARD ROCK ISLAND  ,6.0,14.0,"2,324","2,324",0,0,N,D,Y,,2025-04-26 10:40:07
256,4/2/2025 10:00 PM CCT,NATURAL GAS PIPELINE CO.,INTRADAY 3,Delivery Location,900051,MIDAMER/NGPL TYLR RDGE ROCK ISLAND ,6.0,14.0,433,433,0,0,N,D,Y,,2025-04-26 10:40:07
257,4/2/2025 10:00 PM CCT,NATURAL GAS PIPELINE CO.,INTRADAY 3,Delivery Location,900052,MIDAMER/NGPL ANDALUSIA ROCK ISLAND ,6.0,14.0,"3,299","3,299",0,0,N,D,Y,,2025-04-26 10:40:07
258,4/2/2025 10:00 PM CCT,NATURAL GAS PIPELINE CO.,INTRADAY 3,Delivery Location,900053,MIDAMER/NGPL DAVENPORT SCOTT       ,6.0,14.0,"285,295","285,295",0,0,N,D,Y,,2025-04-26 10:40:07
259,4/2/2025 10:00 PM CCT,NATURAL GAS PIPELINE CO.,INTRADAY 3,Delivery Location,900054,MIDAMER/NGPL EDGINGTON ROCK ISLAND ,6.0,14.0,"3,614","3,614",0,0,N,D,Y,,2025-04-26 10:40:07
260,4/2/2025 10:00 PM CCT,NATURAL GAS PIPELINE CO.,INTRADAY 3,Delivery Location,900057,IPLC/NGPL MUSCATINE#3 MUSCATINE    ,6.0,14.0,"33,662","33,662",0,0,N,D,Y,,2025-04-26 10:40:07
261,4/2/2025 10:00 PM CCT,NATURAL GAS PIPELINE CO.,INTRADAY 3,Delivery Location,900060,IPLC/NGPL MUSCATINE#1 MUSCATINE    ,6.0,14.0,"4,050","4,050",0,0,N,D,Y,,2025-04-26 10:40:07
262,4/2/2025 10:00 PM CCT,NATURAL GAS PIPELINE CO.,INTRADAY 3,Delivery Location,900061,IPLC/NGPL MUSCATINE#2 MUSCATINE    ,6.0,14.0,"38,613","38,613",0,0,N,D,Y,,2025-04-26 10:40:07
263,4/2/2025 10:00 PM CCT,NATURAL GAS PIPELINE CO.,INTRADAY 3,Delivery Location,900062,IPLC/NGPL LETTS MUSCATINE          ,6.0,14.0,"1,640","1,640",0,0,N,D,Y,,2025-04-26 10:40:07
264,4/2/2025 10:00 PM CCT,NATURAL GAS PIPELINE CO.,INTRADAY 3,Delivery Location,900063,IPLC/NGPL CONESVILLE MUSCATINE     ,6.0,14.0,"15,640","15,640",0,0,N,D,Y,,2025-04-26 10:40:07
265,4/2/2025 10:00 PM CCT,NATURAL GAS PIPELINE CO.,INTRADAY 3,Delivery Location,900064,IPLC/NGPL COLUMBUS JCT MUSCATINE   ,6.0,14.0,"10,605","10,605",0,0,N,D,Y,,2025-04-26 10:40:07
266,4/2/2025 10:00 PM CCT,NATURAL GAS PIPELINE CO.,INTRADAY 3,Delivery Location,900065,IPLC/NGPL AINSWORTH WASHINGTON     ,6.0,14.0,544,544,0,0,N,D,Y,,2025-04-26 10:40:07
267,4/2/2025 10:00 PM CCT,NATURAL GAS PIPELINE CO.,INTRADAY 3,Delivery Location,900067,MIDAMER/NGPL CEDR RAP#1 WASHINGTON ,6.0,14.0,"82,478","82,478",0,0,N,D,Y,,2025-04-26 10:40:07
268,4/2/2025 10:00 PM CCT,NATURAL GAS PIPELINE CO.,INTRADAY 3,Delivery Location,900069,IPLC/NGPL KALONA WASHINGTON        ,6.0,14.0,"3,487","3,487",0,0,N,D,Y,,2025-04-26 10:40:07
269,4/2/2025 10:00 PM CCT,NATURAL GAS PIPELINE CO.,INTRADAY 3,Delivery Location,900070,IPLC/NGPL W CHESTER WASHINGTON     ,6.0,14.0,615,615,0,0,N,D,Y,,2025-04-26 10:40:07
270,4/2/2025 10:00 PM CCT,NATURAL GAS PIPELINE CO.,INTRADAY 3,Delivery Location,900071,BRIGHTON/NGPL WA                   ,6.0,14.0,"3,487","3,487",72,"3,415",N,D,Y,,2025-04-26 10:40:07
271,4/2/2025 10:00 PM CCT,NATURAL GAS PIPELINE CO.,INTRADAY 3,Delivery Location,900072,WELLMAN/NGPL WAS                   ,6.0,14.0,"3,487","3,487",85,"3,402",N,D,Y,,2025-04-26 10:40:07
272,4/2/2025 10:00 PM CCT,NATURAL GAS PIPELINE CO.,INTRADAY 3,Delivery Location,900073,IPLC/NGPL KEOTA KEOKUK             ,6.0,14.0,"15,259","15,259",0,0,N,D,Y,,2025-04-26 10:40:07
273,4/2/2025 10:00 PM CCT,NATURAL GAS PIPELINE CO.,INTRADAY 3,Delivery Location,900074,IPLC/NGPL ENGLISH KEOKUK           ,6.0,14.0,"21,234","21,234",0,0,N,D,Y,,2025-04-26 10:40:07
274,4/2/2025 10:00 PM CCT,NATURAL GAS PIPELINE CO.,INTRADAY 3,Delivery Location,900075,IPLC/NGPL HARPER KEOKUK            ,6.0,14.0,"9,906","9,906",0,0,N,D,Y,,2025-04-26 10:40:07
275,4/2/2025 10:00 PM CCT,NATURAL GAS PIPELINE CO.,INTRADAY 3,Delivery Location,900076,IPLC/NGPL SIGOURNEY KEOKUK         ,6.0,13.0,"4,679","4,679",0,0,N,D,Y,,2025-04-26 10:40:07
276,4/2/2025 10:00 PM CCT,NATURAL GAS PIPELINE CO.,INTRADAY 3,Delivery Location,900077,IPLC/NGPL WHAT CHEER KEOKUK        ,6.0,13.0,"1,859","1,859",0,0,N,D,Y,,2025-04-26 10:40:07
277,4/2/2025 10:00 PM CCT,NATURAL GAS PIPELINE CO.,INTRADAY 3,Delivery Location,900078,MIDAMER/NGPL OTTUMWA #2 MAHASKA    ,6.0,13.0,"96,364","96,364",0,0,N,D,Y,,2025-04-26 10:40:07
278,4/2/2025 10:00 PM CCT,NATURAL GAS PIPELINE CO.,INTRADAY 3,Delivery Location,900079,MONTEZUM/NGPL MONTEZUMA MAHASKA    ,6.0,13.0,"3,487","3,487",0,"3,487",N,D,Y,,2025-04-26 10:40:07
279,4/2/2025 10:00 PM CCT,NATURAL GAS PIPELINE CO.,INTRADAY 3,Delivery Location,900080,MIDAMER/NGPL NEW SHARON MAHASKA    ,6.0,13.0,896,896,0,0,N,D,Y,,2025-04-26 10:40:07
280,4/2/2025 10:00 PM CCT,NATURAL GAS PIPELINE CO.,INTRADAY 3,Delivery Location,900081,MIDAMER/NGPL OTTUMWA #1 MAHASKA    ,6.0,13.0,"22,000","22,000",0,0,N,D,Y,,2025-04-26 10:40:07
281,4/2/2025 10:00 PM CCT,NATURAL GAS PIPELINE CO.,INTRADAY 3,Delivery Location,900082,MIDAMER/NGPL OSKALOOSA MAHASKA     ,6.0,13.0,"19,702","19,702",0,0,N,D,Y,,2025-04-26 10:40:07
282,4/2/2025 10:00 PM CCT,NATURAL GAS PIPELINE CO.,INTRADAY 3,Delivery Location,900083,MIDAMER/NGPL LEIGHTON MAHASKA      ,6.0,13.0,346,346,0,0,N,D,Y,,2025-04-26 10:40:07
283,4/2/2025 10:00 PM CCT,NATURAL GAS PIPELINE CO.,INTRADAY 3,Delivery Location,900084,IPLC/NGPL PELLA MAHASKA            ,6.0,13.0,"19,702","19,702",0,0,N,D,Y,,2025-04-26 10:40:07
284,4/2/2025 10:00 PM CCT,NATURAL GAS PIPELINE CO.,INTRADAY 3,Delivery Location,900085,MIDAMER/NGPL TRACY MARION          ,6.0,13.0,896,896,0,0,N,D,Y,,2025-04-26 10:40:07
285,4/2/2025 10:00 PM CCT,NATURAL GAS PIPELINE CO.,INTRADAY 3,Delivery Location,900086,MIDAMER/NGPL HARVEY MARION         ,6.0,13.0,391,391,0,0,N,D,Y,,2025-04-26 10:40:07
286,4/2/2025 10:00 PM CCT,NATURAL GAS PIPELINE CO.,INTRADAY 3,Delivery Location,900087,MIDAMER/NGPL ATTICA MARION         ,6.0,13.0,615,615,0,0,N,D,Y,,2025-04-26 10:40:07
287,4/2/2025 10:00 PM CCT,NATURAL GAS PIPELINE CO.,INTRADAY 3,Delivery Location,900088,IPLC/NGPL KNOXVILLE MARION         ,6.0,13.0,"6,897","6,897",0,0,N,D,Y,,2025-04-26 10:40:07
288,4/2/2025 10:00 PM CCT,NATURAL GAS PIPELINE CO.,INTRADAY 3,Delivery Location,900089,MIDAMER/NGPL MELCHER MARION        ,6.0,13.0,"1,805","1,805",0,0,N,D,Y,,2025-04-26 10:40:07
289,4/2/2025 10:00 PM CCT,NATURAL GAS PIPELINE CO.,INTRADAY 3,Delivery Location,900090,MIDAMER/NGPL PLEASANTVILLE MARION  ,6.0,13.0,845,845,0,0,N,D,Y,,2025-04-26 10:40:07
290,4/2/2025 10:00 PM CCT,NATURAL GAS PIPELINE CO.,INTRADAY 3,Delivery Location,900091,IPLC/NGPL CHARITON WARREN          ,6.0,13.0,"10,605","10,605",0,0,N,D,Y,,2025-04-26 10:40:07
291,4/2/2025 10:00 PM CCT,NATURAL GAS PIPELINE CO.,INTRADAY 3,Delivery Location,900092,MIDAMER/NGPL MILO WARREN           ,6.0,13.0,615,615,0,0,N,D,Y,,2025-04-26 10:40:07
292,4/2/2025 10:00 PM CCT,NATURAL GAS PIPELINE CO.,INTRADAY 3,Delivery Location,900093,MIDAMER/NGPL INDIANOLA WARREN      ,6.0,13.0,"20,097","20,097",0,0,N,D,Y,,2025-04-26 10:40:07
293,4/2/2025 10:00 PM CCT,NATURAL GAS PIPELINE CO.,INTRADAY 3,Delivery Location,900094,MIDAMER/NGPL MARTENSDALE WARREN    ,6.0,13.0,618,618,0,0,N,D,Y,,2025-04-26 10:40:07
294,4/2/2025 10:00 PM CCT,NATURAL GAS PIPELINE CO.,INTRADAY 3,Delivery Location,900095,IPLC/NGPL OSCEOLA WARREN           ,6.0,13.0,"1,088","1,088",0,0,N,D,Y,,2025-04-26 10:40:07
295,4/2/2025 10:00 PM CCT,NATURAL GAS PIPELINE CO.,INTRADAY 3,Delivery Location,900096,MIDAMER/NGPL ST CHARLES MADISON    ,6.0,13.0,391,391,0,0,N,D,Y,,2025-04-26 10:40:07
296,4/2/2025 10:00 PM CCT,NATURAL GAS PIPELINE CO.,INTRADAY 3,Delivery Location,900097,IPLC/NGPL TRURO MADISON            ,6.0,13.0,783,783,0,0,N,D,Y,,2025-04-26 10:40:07
297,4/2/2025 10:00 PM CCT,NATURAL GAS PIPELINE CO.,INTRADAY 3,Delivery Location,900098,MIDAMER/NGPL WINTERSET MADISON     ,6.0,13.0,"6,897","6,897",0,0,N,D,Y,,2025-04-26 10:40:07
298,4/2/2025 10:00 PM CCT,NATURAL GAS PIPELINE CO.,INTRADAY 3,Delivery Location,900099,IPLC/NGPL MADISO                   ,6.0,13.0,544,544,0,0,N,D,Y,,2025-04-26 10:40:07
299,4/2/2025 10:00 PM CCT,NATURAL GAS PIPELINE CO.,INTRADAY 3,Delivery Location,900100,GREEN VA/NGPL UN                   ,6.0,13.0,"14,942","14,942","4,000","10,942",N,D,Y,,2025-04-26 10:40:07
300,4/2/2025 10:00 PM CCT,NATURAL GAS PIPELINE CO.,INTRADAY 3,Delivery Location,900101,IPLC/NGPL SW FEDERATED UNION       ,6.0,13.0,"22,156","22,156",0,0,N,D,Y,,2025-04-26 10:40:07
301,4/2/2025 10:00 PM CCT,NATURAL GAS PIPELINE CO.,INTRADAY 3,Delivery Location,900102,IPLC/NGPL CRESTON UNION            ,6.0,13.0,"17,638","17,638",0,0,N,D,Y,,2025-04-26 10:40:07
302,4/2/2025 10:00 PM CCT,NATURAL GAS PIPELINE CO.,INTRADAY 3,Delivery Location,900103,MIDAMER/NGPL AFTON UNION           ,6.0,13.0,"1,889","1,889",0,0,N,D,Y,,2025-04-26 10:40:07
303,4/2/2025 10:00 PM CCT,NATURAL GAS PIPELINE CO.,INTRADAY 3,Delivery Location,900104,IPLC/NGPL GREENFIELD ADAIR         ,6.0,13.0,"5,058","5,058",0,0,N,D,Y,,2025-04-26 10:40:07
304,4/2/2025 10:00 PM CCT,NATURAL GAS PIPELINE CO.,INTRADAY 3,Delivery Location,900105,LENOX/NGPL ADAMS                   ,6.0,13.0,"3,389","3,389",771,"2,618",N,D,Y,,2025-04-26 10:40:07
305,4/2/2025 10:00 PM CCT,NATURAL GAS PIPELINE CO.,INTRADAY 3,Delivery Location,900106,BHSC/NGPL MASSENA ADAMS            ,6.0,13.0,"3,407","3,407",0,0,N,D,Y,,2025-04-26 10:40:07
306,4/2/2025 10:00 PM CCT,NATURAL GAS PIPELINE CO.,INTRADAY 3,Delivery Location,900107,CORNING/NGPL ADA                   ,6.0,13.0,"16,175","16,175","5,535","10,640",N,D,Y,,2025-04-26 10:40:07
307,4/2/2025 10:00 PM CCT,NATURAL GAS PIPELINE CO.,INTRADAY 3,Delivery Location,900109,IPLC/NGPL CLARINDA MONTGOMERY      ,6.0,13.0,"8,540","8,540",0,0,N,D,Y,,2025-04-26 10:40:07
308,4/2/2025 10:00 PM CCT,NATURAL GAS PIPELINE CO.,INTRADAY 3,Delivery Location,900110,MIDAMER/NGPL ELLIOTT MONTGOMERY    ,6.0,13.0,"1,435","1,435",0,0,N,D,Y,,2025-04-26 10:40:07
309,4/2/2025 10:00 PM CCT,NATURAL GAS PIPELINE CO.,INTRADAY 3,Delivery Location,900111,MIDAMER/NGPL RED OAK MONTGOMERY    ,6.0,13.0,"29,000","29,000",0,0,N,D,Y,,2025-04-26 10:40:07
310,4/2/2025 10:00 PM CCT,NATURAL GAS PIPELINE CO.,INTRADAY 3,Delivery Location,900112,MIDAMER/NGPL EMERSON MILLS         ,6.0,13.0,"1,212","1,212",0,0,N,D,Y,,2025-04-26 10:40:07
311,4/2/2025 10:00 PM CCT,NATURAL GAS PIPELINE CO.,INTRADAY 3,Delivery Location,900116,BHSC/NGPL MURRAY CASS              ,6.0,12.0,"3,474","3,474",0,0,N,D,Y,,2025-04-26 10:40:07
312,4/2/2025 10:00 PM CCT,NATURAL GAS PIPELINE CO.,INTRADAY 3,Delivery Location,900117,BHSC/NGPL AVOCA CASS               ,6.0,12.0,"3,217","3,217",0,0,N,D,Y,,2025-04-26 10:40:07
313,4/2/2025 10:00 PM CCT,NATURAL GAS PIPELINE CO.,INTRADAY 3,Delivery Location,900119,NEB CITY/NGPL UNADILLA OTOE        ,6.0,12.0,419,419,0,0,N,D,Y,,2025-04-26 10:40:07
314,4/2/2025 10:00 PM CCT,NATURAL GAS PIPELINE CO.,INTRADAY 3,Delivery Location,900121,BHSC/NGPL AGENDA REPUBLIC          ,2.0,11.0,343,343,3,340,N,D,Y,,2025-04-26 10:40:07
315,4/2/2025 10:00 PM CCT,NATURAL GAS PIPELINE CO.,INTRADAY 3,Delivery Location,900122,KGS/NGPL GLASCO CLOUD              ,2.0,11.0,771,771,27,744,N,D,Y,,2025-04-26 10:40:07
316,4/2/2025 10:00 PM CCT,NATURAL GAS PIPELINE CO.,INTRADAY 3,Delivery Location,900123,MWE/NGPL WILSON ELLSWORTH          ,2.0,11.0,926,926,59,867,N,D,Y,,2025-04-26 10:40:07
317,4/2/2025 10:00 PM CCT,NATURAL GAS PIPELINE CO.,INTRADAY 3,Delivery Location,900124,PAWNEE/NGPL MIDWEST ENERGY PAWNEE  ,2.0,11.0,"1,851","1,851",10,"1,841",N,D,Y,,2025-04-26 10:40:07
318,4/2/2025 10:00 PM CCT,NATURAL GAS PIPELINE CO.,INTRADAY 3,Delivery Location,900125,BHSC/NGPL OFFERLE EDWARDS          ,2.0,11.0,"19,009","19,009",0,0,N,D,Y,,2025-04-26 10:40:07
319,4/2/2025 10:00 PM CCT,NATURAL GAS PIPELINE CO.,INTRADAY 3,Delivery Location,900126,SPEARVIL/NGPL FO                   ,2.0,11.0,"1,234","1,234",173,"1,061",N,D,Y,,2025-04-26 10:40:07
320,4/2/2025 10:00 PM CCT,NATURAL GAS PIPELINE CO.,INTRADAY 3,Delivery Location,900127,CORN/NGPL WASHIT                   ,2.0,3.0,521,521,30,491,N,D,Y,,2025-04-26 10:40:07
321,4/2/2025 10:00 PM CCT,NATURAL GAS PIPELINE CO.,INTRADAY 3,Delivery Location,900130,NIPSCO/NGPL NORTH HAYDEN KANKAKEE  ,6.0,36.0,"614,000","614,000",0,0,N,D,Y,,2025-04-26 10:40:07
322,4/2/2025 10:00 PM CCT,NATURAL GAS PIPELINE CO.,INTRADAY 3,Delivery Location,900131,NICORGAS/NGPL MANTENO KANKAKEE     ,6.0,36.0,"83,240","83,240",0,0,N,D,Y,,2025-04-26 10:40:07
323,4/2/2025 10:00 PM CCT,NATURAL GAS PIPELINE CO.,INTRADAY 3,Delivery Location,900132,NICORGAS/NGPL CABERY KANKAKEE      ,6.0,34.0,"3,510","3,510",0,0,N,D,Y,,2025-04-26 10:40:07
324,4/2/2025 10:00 PM CCT,NATURAL GAS PIPELINE CO.,INTRADAY 3,Delivery Location,900133,NICORGAS/NGPL MINOOKA WILL         ,6.0,28.0,"13,820","13,820",0,0,N,D,Y,,2025-04-26 10:40:07
325,4/2/2025 10:00 PM CCT,NATURAL GAS PIPELINE CO.,INTRADAY 3,Delivery Location,900134,NICORGAS/NGPL DES PLAINES CHEM GRUN,6.0,28.0,"202,761","202,761",0,0,N,D,Y,,2025-04-26 10:40:07
326,4/2/2025 10:00 PM CCT,NATURAL GAS PIPELINE CO.,INTRADAY 3,Delivery Location,900135,NICORGAS/NGPL GOOSE LAKE GRUNDY    ,6.0,35.0,"1,463","1,463",0,0,N,D,Y,,2025-04-26 10:40:07
327,4/2/2025 10:00 PM CCT,NATURAL GAS PIPELINE CO.,INTRADAY 3,Delivery Location,900136,NICORGAS/NGPL SOUTH MORRIS GRUNDY  ,6.0,28.0,"3,740","3,740",0,0,N,D,Y,,2025-04-26 10:40:07
328,4/2/2025 10:00 PM CCT,NATURAL GAS PIPELINE CO.,INTRADAY 3,Delivery Location,900137,NICORGAS/NGPL MAZON GRUNDY         ,6.0,28.0,"1,091,783","1,091,783",0,0,N,D,Y,,2025-04-26 10:40:07
329,4/2/2025 10:00 PM CCT,NATURAL GAS PIPELINE CO.,INTRADAY 3,Delivery Location,900138,NICORGAS/NGPL DWIGHT LIVINGSTON    ,6.0,28.0,"14,660","14,660",0,0,N,D,Y,,2025-04-26 10:40:07
330,4/2/2025 10:00 PM CCT,NATURAL GAS PIPELINE CO.,INTRADAY 3,Delivery Location,900139,NICORGAS/NGPL SAUNEMIN LIVINGSTON  ,6.0,28.0,"3,590","3,590",0,0,N,D,Y,,2025-04-26 10:40:07
331,4/2/2025 10:00 PM CCT,NATURAL GAS PIPELINE CO.,INTRADAY 3,Delivery Location,900140,NICORGAS/NGPL PONTIAC LIVINGSTON   ,6.0,28.0,"1,680,913","1,680,913",0,0,N,D,Y,,2025-04-26 10:40:07
332,4/2/2025 10:00 PM CCT,NATURAL GAS PIPELINE CO.,INTRADAY 3,Delivery Location,900141,NICORGAS/NGPL FAIRBURY LIVINGSTON  ,6.0,28.0,"29,521","29,521",0,0,N,D,Y,,2025-04-26 10:40:07
333,4/2/2025 10:00 PM CCT,NATURAL GAS PIPELINE CO.,INTRADAY 3,Delivery Location,900142,NICORGAS/NGPL CROPSEY MC LEAN      ,6.0,28.0,"25,465","25,465",0,0,N,D,Y,,2025-04-26 10:40:07
334,4/2/2025 10:00 PM CCT,NATURAL GAS PIPELINE CO.,INTRADAY 3,Delivery Location,900143,NICORGAS/NGPL ANCHOR MC LEAN       ,6.0,28.0,"3,870","3,870",0,0,N,D,Y,,2025-04-26 10:40:07
335,4/2/2025 10:00 PM CCT,NATURAL GAS PIPELINE CO.,INTRADAY 3,Delivery Location,900144,NICORGAS/NGPL SAYBROOK MC LEAN     ,6.0,28.0,"29,195","29,195",0,0,N,D,Y,,2025-04-26 10:40:07
336,4/2/2025 10:00 PM CCT,NATURAL GAS PIPELINE CO.,INTRADAY 3,Delivery Location,900145,NICORGAS/NGPL BELLFLOWER MC LEAN   ,6.0,28.0,"10,890","10,890",0,0,N,D,Y,,2025-04-26 10:40:07
337,4/2/2025 10:00 PM CCT,NATURAL GAS PIPELINE CO.,INTRADAY 3,Delivery Location,900147,AMER IL/NGPL MANSFIELD PIATT       ,6.0,28.0,"3,250","3,250",0,0,N,D,Y,,2025-04-26 10:40:07
338,4/2/2025 10:00 PM CCT,NATURAL GAS PIPELINE CO.,INTRADAY 3,Delivery Location,900149,AMER IL/NGPL MONTICELLO PIATT      ,6.0,28.0,"14,074","14,074",0,0,N,D,Y,,2025-04-26 10:40:07
339,4/2/2025 10:00 PM CCT,NATURAL GAS PIPELINE CO.,INTRADAY 3,Delivery Location,900150,AMER IL/NGPL BEMENT PIATT          ,6.0,28.0,"14,264","14,264",0,0,N,D,Y,,2025-04-26 10:40:07
340,4/2/2025 10:00 PM CCT,NATURAL GAS PIPELINE CO.,INTRADAY 3,Delivery Location,900151,AMER IL/NGPL CERRO GORDO PIATT     ,6.0,28.0,"3,300","3,300",0,0,N,D,Y,,2025-04-26 10:40:07
341,4/2/2025 10:00 PM CCT,NATURAL GAS PIPELINE CO.,INTRADAY 3,Delivery Location,900152,AMER IL/NGPL HAMMOND PIATT         ,6.0,28.0,"87,742","87,742",0,0,N,D,Y,,2025-04-26 10:40:07
342,4/2/2025 10:00 PM CCT,NATURAL GAS PIPELINE CO.,INTRADAY 3,Delivery Location,900153,AMER IL/NGPL LOVINGTON MOULTRIE    ,6.0,28.0,"6,780","6,780",0,0,N,D,Y,,2025-04-26 10:40:07
343,4/2/2025 10:00 PM CCT,NATURAL GAS PIPELINE CO.,INTRADAY 3,Delivery Location,900155,SULLIVAN/NGPL MO                   ,6.0,28.0,"17,890","17,890",473,"17,417",N,D,Y,,2025-04-26 10:40:07
344,4/2/2025 10:00 PM CCT,NATURAL GAS PIPELINE CO.,INTRADAY 3,Delivery Location,900156,FINDLAY/NGPL MOU                   ,6.0,28.0,"5,750","5,750",79,"5,671",N,D,Y,,2025-04-26 10:40:07
345,4/2/2025 10:00 PM CCT,NATURAL GAS PIPELINE CO.,INTRADAY 3,Delivery Location,900158,AMER IL/NGPL STRASBURG SHELBY      ,6.0,28.0,920,920,0,0,N,D,Y,,2025-04-26 10:40:07
346,4/2/2025 10:00 PM CCT,NATURAL GAS PIPELINE CO.,INTRADAY 3,Delivery Location,900159,LIBERTY/NGPL COWDEN SHELBY         ,6.0,28.0,"3,650","3,650",0,0,N,D,Y,,2025-04-26 10:40:07
347,4/2/2025 10:00 PM CCT,NATURAL GAS PIPELINE CO.,INTRADAY 3,Delivery Location,900160,LIBERTY/NGPL BEECHER CITY EFFINGHAM,6.0,28.0,330,330,0,0,N,D,Y,,2025-04-26 10:40:07
348,4/2/2025 10:00 PM CCT,NATURAL GAS PIPELINE CO.,INTRADAY 3,Delivery Location,900161,LIBERTY/NGPL ST ELMO EFFINGHAM     ,6.0,28.0,"6,396","6,396",0,0,N,D,Y,,2025-04-26 10:40:07
349,4/2/2025 10:00 PM CCT,NATURAL GAS PIPELINE CO.,INTRADAY 3,Delivery Location,900162,LIBERTY/NGPL VANDALIA FAYETTE      ,6.0,28.0,"19,750","19,750",0,0,N,D,Y,,2025-04-26 10:40:07
350,4/2/2025 10:00 PM CCT,NATURAL GAS PIPELINE CO.,INTRADAY 3,Delivery Location,900163,AMER IL/NGPL EDGEWOOD FAYETTE      ,6.0,28.0,990,990,0,0,N,D,Y,,2025-04-26 10:40:07
351,4/2/2025 10:00 PM CCT,NATURAL GAS PIPELINE CO.,INTRADAY 3,Delivery Location,900164,LIBERTY/NGPL ST PETER FAYETTE      ,6.0,28.0,"1,440","1,440",0,0,N,D,Y,,2025-04-26 10:40:07
352,4/2/2025 10:00 PM CCT,NATURAL GAS PIPELINE CO.,INTRADAY 3,Delivery Location,900165,LIBERTY/NGPL KINMUNDY FAYETTE      ,6.0,28.0,"3,830","3,830",0,0,N,D,Y,,2025-04-26 10:40:07
353,4/2/2025 10:00 PM CCT,NATURAL GAS PIPELINE CO.,INTRADAY 3,Delivery Location,900166,AMER IL/NGPL PATOKA MARION         ,6.0,28.0,"4,500","4,500",0,0,N,D,Y,,2025-04-26 10:40:07
354,4/2/2025 10:00 PM CCT,NATURAL GAS PIPELINE CO.,INTRADAY 3,Delivery Location,900168,AMER IL/NGPL SHATTUC CLINTON       ,6.0,28.0,"4,510","4,510",0,0,N,D,Y,,2025-04-26 10:40:07
355,4/2/2025 10:00 PM CCT,NATURAL GAS PIPELINE CO.,INTRADAY 3,Delivery Location,900169,ENABLEMR/NGPL CL                   ,6.0,28.0,"287,700","287,700","60,623","227,077",N,D,Y,,2025-04-26 10:40:07
356,4/2/2025 10:00 PM CCT,NATURAL GAS PIPELINE CO.,INTRADAY 3,Delivery Location,900170,AMER IL/NGPL CENTRALIA CLINTON     ,6.0,28.0,"73,420","73,420",0,0,N,D,Y,,2025-04-26 10:40:07
357,4/2/2025 10:00 PM CCT,NATURAL GAS PIPELINE CO.,INTRADAY 3,Delivery Location,900171,AMER IL/NGPL HOYLETON WASHINGTON   ,6.0,28.0,"3,780","3,780",0,0,N,D,Y,,2025-04-26 10:40:07
358,4/2/2025 10:00 PM CCT,NATURAL GAS PIPELINE CO.,INTRADAY 3,Delivery Location,900172,NASHVILL/NGPL WA                   ,6.0,28.0,"5,125","5,125",540,"4,585",N,D,Y,,2025-04-26 10:40:07
359,4/2/2025 10:00 PM CCT,NATURAL GAS PIPELINE CO.,INTRADAY 3,Delivery Location,900173,AMER IL/NGPL DUBOIS WASHINGTON     ,6.0,28.0,"3,570","3,570",0,0,N,D,Y,,2025-04-26 10:40:07
360,4/2/2025 10:00 PM CCT,NATURAL GAS PIPELINE CO.,INTRADAY 3,Delivery Location,900174,AMER IL/NGPL TAMAROA PERRY         ,6.0,28.0,"3,610","3,610",0,0,N,D,Y,,2025-04-26 10:40:07
361,4/2/2025 10:00 PM CCT,NATURAL GAS PIPELINE CO.,INTRADAY 3,Delivery Location,900175,PICKNEY/NGPL PER                   ,6.0,28.0,"6,530","6,530",325,"6,205",N,D,Y,,2025-04-26 10:40:07
362,4/2/2025 10:00 PM CCT,NATURAL GAS PIPELINE CO.,INTRADAY 3,Delivery Location,900176,AMER IL/NGPL VERGENNES JACKSON     ,6.0,28.0,360,360,0,0,N,D,Y,,2025-04-26 10:40:07
363,4/2/2025 10:00 PM CCT,NATURAL GAS PIPELINE CO.,INTRADAY 3,Delivery Location,900177,AMER IL/NGPL STEELEVILLE JACKSON   ,6.0,28.0,"19,760","19,760",0,0,N,D,Y,,2025-04-26 10:40:07
364,4/2/2025 10:00 PM CCT,NATURAL GAS PIPELINE CO.,INTRADAY 3,Delivery Location,900178,AMER IL/NGPL GORHAM JACKSON        ,6.0,28.0,320,320,0,0,N,D,Y,,2025-04-26 10:40:07
365,4/2/2025 10:00 PM CCT,NATURAL GAS PIPELINE CO.,INTRADAY 3,Delivery Location,900179,GR TOWER/NGPL JA                   ,6.0,28.0,770,770,11,759,N,D,Y,,2025-04-26 10:40:07
366,4/2/2025 10:00 PM CCT,NATURAL GAS PIPELINE CO.,INTRADAY 3,Delivery Location,900180,FROHNA/NGPL PERR                   ,6.0,27.0,676,676,26,650,N,D,Y,,2025-04-26 10:40:07
367,4/2/2025 10:00 PM CCT,NATURAL GAS PIPELINE CO.,INTRADAY 3,Delivery Location,900181,PERRYVLL/NGPL CA                   ,6.0,27.0,"42,617","42,617","1,865","40,752",N,D,Y,,2025-04-26 10:40:07
368,4/2/2025 10:00 PM CCT,NATURAL GAS PIPELINE CO.,INTRADAY 3,Delivery Location,900182,LIBERTY/NGPL OAKRDG CAPE GIRARDEAU ,6.0,27.0,403,403,0,0,N,D,Y,,2025-04-26 10:40:07
369,4/2/2025 10:00 PM CCT,NATURAL GAS PIPELINE CO.,INTRADAY 3,Delivery Location,900183,LIBERTY/NGPL JACKSN CAPE GIRARDEAU ,6.0,27.0,"29,007","29,007",0,0,N,D,Y,,2025-04-26 10:40:07
370,4/2/2025 10:00 PM CCT,NATURAL GAS PIPELINE CO.,INTRADAY 3,Delivery Location,900184,AMUE/NGPL LUTESVILLE BOLLINGER     ,6.0,27.0,"3,340","3,340",0,0,N,D,Y,,2025-04-26 10:40:07
371,4/2/2025 10:00 PM CCT,NATURAL GAS PIPELINE CO.,INTRADAY 3,Delivery Location,900185,LIBERTY/NGPL PUXICO STODDARD       ,6.0,27.0,584,584,0,0,N,D,Y,,2025-04-26 10:40:07
372,4/2/2025 10:00 PM CCT,NATURAL GAS PIPELINE CO.,INTRADAY 3,Delivery Location,900186,AMUE/NGPL FISK BUTLER              ,6.0,27.0,"5,870","5,870",0,0,N,D,Y,,2025-04-26 10:40:07
373,4/2/2025 10:00 PM CCT,NATURAL GAS PIPELINE CO.,INTRADAY 3,Delivery Location,900187,LIBERTY/NGPL DONIPHAN BUTLER       ,6.0,27.0,"9,888","9,888",0,0,N,D,Y,,2025-04-26 10:40:07
374,4/2/2025 10:00 PM CCT,NATURAL GAS PIPELINE CO.,INTRADAY 3,Delivery Location,900188,LIBERTY/NGPL NEELYVILLE BUTLER     ,6.0,27.0,861,861,0,0,N,D,Y,,2025-04-26 10:40:07
375,4/2/2025 10:00 PM CCT,NATURAL GAS PIPELINE CO.,INTRADAY 3,Delivery Location,900189,MARIETTA/NGPL MARIETTA CASS        ,3.0,26.0,"3,677","3,677",17,"3,660",N,D,Y,,2025-04-26 10:40:07
376,4/2/2025 10:00 PM CCT,NATURAL GAS PIPELINE CO.,INTRADAY 3,Delivery Location,900190,NGT/NGPL DOUGLASSVILLE CASS        ,3.0,26.0,"3,677","3,677",0,"3,677",N,D,Y,,2025-04-26 10:40:07
377,4/2/2025 10:00 PM CCT,NATURAL GAS PIPELINE CO.,INTRADAY 3,Delivery Location,900203,NNG/NGPL MILLS                     ,6.0,13.0,"100,000","100,000",0,"100,000",N,BD,Y,,2025-04-26 10:40:07
378,4/2/2025 10:00 PM CCT,NATURAL GAS PIPELINE CO.,INTRADAY 3,Delivery Location,900390,FORDCNTY/NGPL FO                   ,2.0,11.0,"3,303","3,303",55,"3,248",N,D,Y,,2025-04-26 10:40:07
379,4/2/2025 10:00 PM CCT,NATURAL GAS PIPELINE CO.,INTRADAY 3,Delivery Location,900421,SNG/NGPL ERATH VERMILION           ,5.0,24.0,"77,927","77,927",0,"77,927",N,D,Y,,2025-04-26 10:40:07
380,4/2/2025 10:00 PM CCT,NATURAL GAS PIPELINE CO.,INTRADAY 3,Delivery Location,900545,MOBIL/NGPL LIBER                   ,3.0,25.0,"43,260","43,260",0,"43,260",N,D,Y,,2025-04-26 10:40:07
381,4/2/2025 10:00 PM CCT,NATURAL GAS PIPELINE CO.,INTRADAY 3,Delivery Location,900546,ENTRPRSE/NGPL DEVERS LIBERTY       ,3.0,25.0,"391,101","391,101","33,215","357,886",N,D,Y,,2025-04-26 10:40:07
382,4/2/2025 10:00 PM CCT,NATURAL GAS PIPELINE CO.,INTRADAY 3,Delivery Location,900548,TRUNKLNE/NGPL LAKESIDE CAMERON     ,5.0,23.0,"357,739","300,000",0,"300,000",N,D,Y,,2025-04-26 10:40:07
383,4/2/2025 10:00 PM CCT,NATURAL GAS PIPELINE CO.,INTRADAY 3,Delivery Location,900549,TEX GAS/NGPL LOWRY CAMERON         ,5.0,23.0,"260,000","225,000",0,"225,000",N,D,Y,,2025-04-26 10:40:07
384,4/2/2025 10:00 PM CCT,NATURAL GAS PIPELINE CO.,INTRADAY 3,Delivery Location,900551,GULFSTH/NGPL DEEP LAKE CAMERON     ,5.0,23.0,"72,200","105,000","10,000","95,000",N,D,Y,,2025-04-26 10:40:07
385,4/2/2025 10:00 PM CCT,NATURAL GAS PIPELINE CO.,INTRADAY 3,Delivery Location,900553,TGP/NGPL CHALKLEY CAMERON          ,5.0,23.0,"151,497","150,000",0,"150,000",N,D,Y,,2025-04-26 10:40:07
386,4/2/2025 10:00 PM CCT,NATURAL GAS PIPELINE CO.,INTRADAY 3,Delivery Location,900987,KMTEJAS/NGPL JEF                   ,3.0,25.0,"160,000","160,000","43,416","116,584",N,D,Y,,2025-04-26 10:40:07
387,4/2/2025 10:00 PM CCT,NATURAL GAS PIPELINE CO.,INTRADAY 3,Delivery Location,901028,IPLC/NGPL CDP CLINTON              ,6.0,29.0,0,"33,100","16,501","16,599",N,D,Y,,2025-04-26 10:40:07
388,4/2/2025 10:00 PM CCT,NATURAL GAS PIPELINE CO.,INTRADAY 3,Delivery Location,901043,NICORGAS/NGPL MARENGO MC HENRY     ,6.0,29.0,"35,399","35,399",0,0,N,D,Y,,2025-04-26 10:40:07
389,4/2/2025 10:00 PM CCT,NATURAL GAS PIPELINE CO.,INTRADAY 3,Delivery Location,901100,ACADIAN/NGPL #1 VERMILION          ,5.0,24.0,"110,929","110,929",0,"110,929",N,D,Y,,2025-04-26 10:40:07
390,4/2/2025 10:00 PM CCT,NATURAL GAS PIPELINE CO.,INTRADAY 3,Delivery Location,901151,CNTRPT/NGPL GLEN FLORA WHARTON     ,4.0,22.0,"94,458","94,458",5,"94,453",N,D,Y,,2025-04-26 10:40:07
391,4/2/2025 10:00 PM CCT,NATURAL GAS PIPELINE CO.,INTRADAY 3,Delivery Location,901153,CNTRPT/NGPL SPRING HARRIS          ,4.0,22.0,"23,000","23,000","1,551","21,449",Y,D,Y,,2025-04-26 10:40:07
392,4/2/2025 10:00 PM CCT,NATURAL GAS PIPELINE CO.,INTRADAY 3,Delivery Location,901154,CNTRPT/NGPL EAST BERNARD           ,4.0,22.0,"94,458","94,458",99,"94,359",N,D,Y,,2025-04-26 10:40:07
393,4/2/2025 10:00 PM CCT,NATURAL GAS PIPELINE CO.,INTRADAY 3,Delivery Location,902923,GRAPHIC/NGPL CAS                   ,6.0,27.0,"33,209","33,209",700,"32,509",N,D,Y,,2025-04-26 10:40:07
394,4/2/2025 10:00 PM CCT,NATURAL GAS PIPELINE CO.,INTRADAY 3,Delivery Location,903179,IPLC/NGPL AMANA POWESHIEK          ,6.0,96.0,"14,420","14,420",0,0,N,D,Y,,2025-04-26 10:40:07
395,4/2/2025 10:00 PM CCT,NATURAL GAS PIPELINE CO.,INTRADAY 3,Delivery Location,903180,IPLC/NGPL TAMA                     ,6.0,96.0,"14,420","14,420",0,0,N,D,Y,,2025-04-26 10:40:07
396,4/2/2025 10:00 PM CCT,NATURAL GAS PIPELINE CO.,INTRADAY 3,Delivery Location,903366,SWT LAKE/NGPL CA                   ,5.0,23.0,"86,520","86,520",0,"86,520",N,D,Y,,2025-04-26 10:40:07
397,4/2/2025 10:00 PM CCT,NATURAL GAS PIPELINE CO.,INTRADAY 3,Delivery Location,903411,IPLC/NGPL BEAMAN GRUNDY            ,6.0,96.0,"86,520","86,520",0,0,N,D,Y,,2025-04-26 10:40:07
398,4/2/2025 10:00 PM CCT,NATURAL GAS PIPELINE CO.,INTRADAY 3,Delivery Location,903600,AMER IL/NGPL SHEFFIELD BUREAU      ,6.0,14.0,"2,847","2,847",0,0,N,D,Y,,2025-04-26 10:40:07
399,4/2/2025 10:00 PM CCT,NATURAL GAS PIPELINE CO.,INTRADAY 3,Delivery Location,903643,KMTP/NGPL #1 JEFFERSON             ,3.0,25.0,"570,395","570,395","25,000","545,395",N,D,Y,,2025-04-26 10:40:07
400,4/2/2025 10:00 PM CCT,NATURAL GAS PIPELINE CO.,INTRADAY 3,Delivery Location,903686,WTG/NGPL STINNETT HUTCHINSON       ,2.0,6.0,"3,296","3,296",100,"3,196",N,D,Y,,2025-04-26 10:40:07
401,4/2/2025 10:00 PM CCT,NATURAL GAS PIPELINE CO.,INTRADAY 3,Delivery Location,903933,ENBRIDGE/NGPL BRYANS MILL FUEL CASS,3.0,26.0,"192,610","192,610",0,"192,610",N,D,Y,,2025-04-26 10:40:07
402,4/2/2025 10:00 PM CCT,NATURAL GAS PIPELINE CO.,INTRADAY 3,Delivery Location,904105,NICORGAS/NGPL ROWELL AVE WILL      ,6.0,32.0,"92,380","92,380",0,0,N,D,Y,,2025-04-26 10:40:07
403,4/2/2025 10:00 PM CCT,NATURAL GAS PIPELINE CO.,INTRADAY 3,Delivery Location,904106,NICORGAS/NGPL ROSELLE ROAD COOK    ,6.0,30.0,"86,527","86,527",0,0,N,D,Y,,2025-04-26 10:40:07
404,4/2/2025 10:00 PM CCT,NATURAL GAS PIPELINE CO.,INTRADAY 3,Delivery Location,904107,NICORGAS/NGPL AMOCO WILL           ,6.0,33.0,"86,498","86,498",0,0,N,D,Y,,2025-04-26 10:40:07
405,4/2/2025 10:00 PM CCT,NATURAL GAS PIPELINE CO.,INTRADAY 3,Delivery Location,904113,NICORGAS/NGPL MANHATTAN ROAD WILL  ,6.0,33.0,"22,182","22,182",0,0,N,D,Y,,2025-04-26 10:40:07
406,4/2/2025 10:00 PM CCT,NATURAL GAS PIPELINE CO.,INTRADAY 3,Delivery Location,904117,NICORGAS/NGPL EOLA ROAD DU PAGE    ,6.0,30.0,"636,180","636,180",0,0,N,D,Y,,2025-04-26 10:40:07
407,4/2/2025 10:00 PM CCT,NATURAL GAS PIPELINE CO.,INTRADAY 3,Delivery Location,904121,NICORGAS/NGPL TOUHY AVE COOK       ,6.0,30.0,"86,413","86,413",0,0,N,D,Y,,2025-04-26 10:40:07
408,4/2/2025 10:00 PM CCT,NATURAL GAS PIPELINE CO.,INTRADAY 3,Delivery Location,904122,NICORGAS/NGPL SUMMIT AVE COOK      ,6.0,31.0,"170,360","170,360",0,0,N,D,Y,,2025-04-26 10:40:07
409,4/2/2025 10:00 PM CCT,NATURAL GAS PIPELINE CO.,INTRADAY 3,Delivery Location,904125,NICORGAS/NGPL PARK FOREST COOK     ,6.0,33.0,"83,062","83,062",0,0,N,D,Y,,2025-04-26 10:40:07
410,4/2/2025 10:00 PM CCT,NATURAL GAS PIPELINE CO.,INTRADAY 3,Delivery Location,904135,NICORGAS/NGPL 170TH ST COOK        ,6.0,32.0,"38,330","38,330",0,0,N,D,Y,,2025-04-26 10:40:07
411,4/2/2025 10:00 PM CCT,NATURAL GAS PIPELINE CO.,INTRADAY 3,Delivery Location,904137,NICORGAS/NGPL RIDGELAND AVE COOK   ,6.0,31.0,"123,626","123,626",0,0,N,D,Y,,2025-04-26 10:40:07
412,4/2/2025 10:00 PM CCT,NATURAL GAS PIPELINE CO.,INTRADAY 3,Delivery Location,904147,NICORGAS/NGPL BURNHAM COOK         ,6.0,32.0,"2,250","2,250",0,0,N,D,Y,,2025-04-26 10:40:07
413,4/2/2025 10:00 PM CCT,NATURAL GAS PIPELINE CO.,INTRADAY 3,Delivery Location,904164,PGLC/NGPL 134TH ST COOK            ,6.0,32.0,"1,750","1,750",0,0,N,D,Y,,2025-04-26 10:40:07
414,4/2/2025 10:00 PM CCT,NATURAL GAS PIPELINE CO.,INTRADAY 3,Delivery Location,904174,PGLC/NGPL OAKTON STREET COOK       ,6.0,30.0,"1,690,644","1,690,644",0,0,N,D,Y,,2025-04-26 10:40:07
415,4/2/2025 10:00 PM CCT,NATURAL GAS PIPELINE CO.,INTRADAY 3,Delivery Location,904193,NIPSCO/NGPL 112TH ST COOK          ,6.0,32.0,"40,900","40,900",0,0,N,D,Y,,2025-04-26 10:40:07
416,4/2/2025 10:00 PM CCT,NATURAL GAS PIPELINE CO.,INTRADAY 3,Delivery Location,904205,NICORGAS/NGPL STEPAN CHEMICAL WILL ,6.0,33.0,"5,000","5,000",0,0,N,D,Y,,2025-04-26 10:40:07
417,4/2/2025 10:00 PM CCT,NATURAL GAS PIPELINE CO.,INTRADAY 3,Delivery Location,904209,NICORGAS/NGPL UPS COOK             ,6.0,31.0,"2,310","2,310",0,0,N,D,Y,,2025-04-26 10:40:07
418,4/2/2025 10:00 PM CCT,NATURAL GAS PIPELINE CO.,INTRADAY 3,Delivery Location,904210,NICORGAS/NGPL JOLIET EDISON NO WILL,6.0,32.0,"343,426","343,426",0,0,N,D,Y,,2025-04-26 10:40:07
419,4/2/2025 10:00 PM CCT,NATURAL GAS PIPELINE CO.,INTRADAY 3,Delivery Location,904216,NICORGAS/NGPL JOLIET EDISON SO WILL,6.0,32.0,"132,540","132,540",0,0,N,D,Y,,2025-04-26 10:40:07
420,4/2/2025 10:00 PM CCT,NATURAL GAS PIPELINE CO.,INTRADAY 3,Delivery Location,904359,PGLC/NGPL REPUBLIC ENG STEEL COOK  ,6.0,32.0,"8,140","8,140",0,0,N,D,Y,,2025-04-26 10:40:07
421,4/2/2025 10:00 PM CCT,NATURAL GAS PIPELINE CO.,INTRADAY 3,Delivery Location,904360,PGLC/NGPL CRAWFORD COOK            ,6.0,31.0,"1,906,692","1,906,692",0,0,N,D,Y,,2025-04-26 10:40:07
422,4/2/2025 10:00 PM CCT,NATURAL GAS PIPELINE CO.,INTRADAY 3,Delivery Location,904373,PGLC/NGPL S.H. BELL COMPANY COOK   ,6.0,32.0,40,40,0,0,N,D,Y,,2025-04-26 10:40:07
423,4/2/2025 10:00 PM CCT,NATURAL GAS PIPELINE CO.,INTRADAY 3,Delivery Location,904758,ANR/NGPL SOUTH JOLIET #2 WILL      ,6.0,33.0,"150,000","150,000","26,000","124,000",N,D,Y,,2025-04-26 10:40:07
424,4/2/2025 10:00 PM CCT,NATURAL GAS PIPELINE CO.,INTRADAY 3,Delivery Location,904829,NICORGAS/NGPL HODGKINS COOK        ,6.0,31.0,"4,500","4,500",0,0,N,D,Y,,2025-04-26 10:40:07
425,4/2/2025 10:00 PM CCT,NATURAL GAS PIPELINE CO.,INTRADAY 3,Delivery Location,904881,AMER IL/NGPL HARRISON JACKSON      ,6.0,28.0,"90,030","90,030",0,0,N,D,Y,,2025-04-26 10:40:07
426,4/2/2025 10:00 PM CCT,NATURAL GAS PIPELINE CO.,INTRADAY 3,Delivery Location,905317,TARGA MC/NGPL ENVILLE PLT LOVE     ,3.0,15.0,"8,132","8,132",290,"7,842",N,D,Y,,2025-04-26 10:40:07
427,4/2/2025 10:00 PM CCT,NATURAL GAS PIPELINE CO.,INTRADAY 3,Delivery Location,905570,ONEOKWES/NGPL CA                   ,2.0,6.0,"47,286","47,286","10,000","37,286",N,D,Y,,2025-04-26 10:40:07
428,4/2/2025 10:00 PM CCT,NATURAL GAS PIPELINE CO.,INTRADAY 3,Delivery Location,905571,TRANSPET/NGPL HA                   ,2.0,10.0,"3,295","3,295",0,"3,295",N,D,Y,,2025-04-26 10:40:07
429,4/2/2025 10:00 PM CCT,NATURAL GAS PIPELINE CO.,INTRADAY 3,Delivery Location,905582,LONESTAR/NGPL LA                   ,3.0,17.0,"105,708","105,708",0,"105,708",N,D,Y,,2025-04-26 10:40:07
430,4/2/2025 10:00 PM CCT,NATURAL GAS PIPELINE CO.,INTRADAY 3,Delivery Location,906103,PEPL/NGPL MOULTR                   ,6.0,28.0,"150,000","150,000",0,"150,000",N,D,Y,,2025-04-26 10:40:07
431,4/2/2025 10:00 PM CCT,NATURAL GAS PIPELINE CO.,INTRADAY 3,Delivery Location,906505,COL GULF/NGPL ERATH VERMILION      ,5.0,24.0,"156,147",1,0,1,N,D,Y,,2025-04-26 10:40:07
432,4/2/2025 10:00 PM CCT,NATURAL GAS PIPELINE CO.,INTRADAY 3,Delivery Location,907081,CIG/NGPL ADAMS RANCH #2 BEAVER     ,2.0,10.0,"282,220","282,220",0,"282,220",N,D,Y,,2025-04-26 10:40:07
433,4/2/2025 10:00 PM CCT,NATURAL GAS PIPELINE CO.,INTRADAY 3,Delivery Location,907112,WISC ELE/NGPL KE                   ,6.0,39.0,"141,726","107,672","15,601","92,071",N,D,Y,,2025-04-26 10:40:07
434,4/2/2025 10:00 PM CCT,NATURAL GAS PIPELINE CO.,INTRADAY 3,Delivery Location,907610,BRIDGHOL/NGPL VE                   ,5.0,24.0,"40,000","37,000",0,"37,000",N,BD,Y,,2025-04-26 10:40:07
435,4/2/2025 10:00 PM CCT,NATURAL GAS PIPELINE CO.,INTRADAY 3,Delivery Location,907830,CNTRPT/NGPL SPLENDORA MONTGOMERY   ,3.0,26.0,245,245,5,240,N,D,Y,,2025-04-26 10:40:07
436,4/2/2025 10:00 PM CCT,NATURAL GAS PIPELINE CO.,INTRADAY 3,Delivery Location,907860,LIBERTY/NGPL CDP SOUTH             ,6.0,28.0,0,"7,600",933,"6,667",N,D,Y,,2025-04-26 10:40:07
437,4/2/2025 10:00 PM CCT,NATURAL GAS PIPELINE CO.,INTRADAY 3,Delivery Location,908087,ONG/NGPL MARIETTA LOVE             ,3.0,15.0,"2,480","2,480",99,"2,381",N,D,Y,,2025-04-26 10:40:07
438,4/2/2025 10:00 PM CCT,NATURAL GAS PIPELINE CO.,INTRADAY 3,Delivery Location,908131,MONTEZUM/NGPL BARNES CTY MAHASKA   ,80.0,80.0,251,251,0,0,N,D,Y,,2025-04-26 10:40:07
439,4/2/2025 10:00 PM CCT,NATURAL GAS PIPELINE CO.,INTRADAY 3,Delivery Location,908197,ENSTOR/NGPL KATY FORT BEND         ,4.0,22.0,"187,082",1,0,1,N,BD,Y,,2025-04-26 10:40:07
440,4/2/2025 10:00 PM CCT,NATURAL GAS PIPELINE CO.,INTRADAY 3,Delivery Location,909209,LIBERTY/NGPL CDP MISSOURI          ,6.0,27.0,0,"9,630","3,242","6,388",N,D,Y,,2025-04-26 10:40:07
441,4/2/2025 10:00 PM CCT,NATURAL GAS PIPELINE CO.,INTRADAY 3,Delivery Location,909260,NIPSCO/NGPL CDP                    ,6.0,36.0,0,"991,794","624,868","366,926",Y,D,Y,,2025-04-26 10:40:07
442,4/2/2025 10:00 PM CCT,NATURAL GAS PIPELINE CO.,INTRADAY 3,Delivery Location,909285,PGLC/NGPL CDP                      ,6.0,30.0,0,"974,565","504,078","470,487",N,D,Y,,2025-04-26 10:40:07
443,4/2/2025 10:00 PM CCT,NATURAL GAS PIPELINE CO.,INTRADAY 3,Delivery Location,909294,WISC ELE/NGPL CDP                  ,6.0,29.0,0,"32,404",188,"32,216",N,D,Y,,2025-04-26 10:40:07
444,4/2/2025 10:00 PM CCT,NATURAL GAS PIPELINE CO.,INTRADAY 3,Delivery Location,909406,BHSC/NGPL G CDP                    ,6.0,13.0,0,"1,402",344,"1,058",N,D,Y,,2025-04-26 10:40:07
445,4/2/2025 10:00 PM CCT,NATURAL GAS PIPELINE CO.,INTRADAY 3,Delivery Location,909442,AMUE/NGPL CDP                      ,6.0,27.0,0,"3,430",47,"3,383",N,D,Y,,2025-04-26 10:40:07
446,4/2/2025 10:00 PM CCT,NATURAL GAS PIPELINE CO.,INTRADAY 3,Delivery Location,909444,LIBERTY/NGPL CDP NORTH             ,6.0,28.0,0,"6,700",753,"5,947",N,D,Y,,2025-04-26 10:40:07
